tweet;sentiment
@panca66 Sloganya ker kerja kerja Memang benar mereka bekerja Kerja naikin BBM Kerja naikin Listrik Kerja nurunin Upah Buruh Sekarang paham kan kerjanya untuk apaü§¶‚Äç‚ôÇÔ∏è;1
@D_donit4 upah minimum¬†di Indonesia terlalu tinggi karena berada di atas median upah. Lagipula waspada mogok kerja buruh rawan ditunggangi kelompok anarko https://t.co/nzkS24mLoh;1
[BERITA BURUH] 30/11/2021  Aaliansi buruh Banten Bersatu (AB3) Dalam menuntut Gubernur Banten segera mengeluarkan surat keputusan Upah Minum Kabupaten/kota ( UMK) tahun 2022 https://t.co/aVqEQkRiyG;1
Buruh Bakal Gugat 30 Gubernur ke PTUN Terkait Upah Minimum;1
"Aneh..tapi nyata.. selaku gubernur ( penguasa/ pemegang mandat utk mengambil/ menentukan sesuatu keputusan.. ) sdh tanda tangani kenaikan upah buruh..tp knpa.. saat menemui pr buruh yg unras.. beda bahasa/ kata""..? ( lempar tanggung jwb ke Menaker / ngapain jg jd gubernur..?! ) https://t.co/jqq0itkoA4";0
Upah Tidak Naik, Rusdi Haryadi : Miris, Tidak Ada Keberpihakan Kepada Buruh! https://t.co/HzscULp52N;0
@KemnakerRI @idafauziyah Biar lebih tdk ada kesenjangan Gimana kalo semua jajaran @KemnakerRI digaji dengan upah minimum Jangan hanya bisa membebani buruh, pertimbangkan juga kenaikan harga sembako, pajak dll;0
"@Bilfishclub66g2 @MojackThePoet @usepmadangkara @handono_b @Nicho_Silalahi SOEHARTO ANTEK KAPITALIS | jongos kapitalis  Indonesia negara kepulauan &amp; agraris, tetapi secara sistematis diarahkan menjadi negara industri; lahan pertanian beralih fungsi menjadi kawasan industri &amp; perumahan  Upah buruh murah, situasi aman terkendali, semua informasi disensor";0
jika melewati waktu yang telah ditetapkan para buruh wajib menerima upah lembur  #IzinGampangBisnisUntung ##DukungEtlePresisi;1
Kecewa Kenaikan Upah Rp 15 Ribu, Buruh di Pati Audiensi ke DPRD https://t.co/xUhtCFwlZ0;1
"@KemnakerRI Cuma himbauan, tidak ada ancaman seperti menentukan upah minim &amp; pemotongan pesangon yg merugikan buruh, teori dan teori terus yang di berikan. Nurani nya mana  Produktivitas mana yg kalian maksud ? Kalian anggap buruh tdk produktif, bandingkan dgn cara kerja di kemnaker üò°";0
Pengusaha soal tuntutan buruh upah naik 10%  #buruh #buruhindonesia https://t.co/sNbI5PqSSf;1
Anggaran MPR diturunin ribut menteri harus dicopot  Upah buruh nggak layak, mungkin bukan concern MPR ya;1
@Wildan_Juli @hansssolo @__AnakKolong Jadi cebong kok bloon sih luh ha...ha. Yg diminta anies formula hitungannya ƒèiubah buat Jakarta. Semua kenaikan Upah diatur dalam PP dan menaker. Bukan kewenangan gubernur. Justru upah buruh diperjuangkan melalui surat Gubernur ke Pusat. https://t.co/vGFd3frGKT;0
@sriparwiti1 @hansssolo Jadi cebong kok bloon sih luh ha...ha. Yg diminta anies formula hitungannya ƒèiubah buat Jakarta. Semua kenaikan Upah diatur dalam PP dan menaker. Bukan kewenangan gubernur. Justru upah buruh diperjuangkan melalui surat Gubernur ke Pusat. https://t.co/sEzHuwelQp;0
@Srikandisejati @hansssolo Jadi cebong kok bloon sih luh ha...ha. Yg diminta anies formula hitungannya ƒèiubah buat Jakarta. Semua kenaikan Upah diatur dalam PP dan menaker. Bukan kewenangan gubernur. Justru upah buruh diperjuangkan melalui surat Gubernur ke Pusat. https://t.co/cz5ud9dQmp;0
@MrsRachelIn @hansssolo Jadi cebong kok bloon sih luh ha...ha. Yg diminta anies formula hitungannya ƒèiubah buat Jakarta. Semua kenaikan Upah diatur dalam PP dan menaker. Bukan kewenangan gubernur. Justru upah buruh diperjuangkan melalui surat Gubernur ke Pusat. https://t.co/ODqDWQlUsg;0
@Min01139907 @hansssolo Jadi cebong kok bloon sih luh ha...ha. Yg diminta anies formula hitungannya ƒèiubah buat Jakarta. Semua kenaikan Upah diatur dalam PP dan menaker. Bukan kewenangan gubernur. Justru upah buruh diperjuangkan melalui surat Gubernur ke Pusat. https://t.co/teQa7gXN84;0
RT @AndiePeci: Kata Menteri Ketenagakerjaan upah buruh Indonesia terlalu tinggi  Padahal di ASEAN hanya diatas Myanmar  Bukankah Indonesia‚Ä¶;1
(KSPI) akan kembali menyuarakan aspirasinya terkait keputusan Mahkamah Konstitusi (MK) terhadap UU Cipta Kerja dan kebijakan upah minimum (UM) 2022. https://t.co/UpDmHBYDqB;1
@aliahsayuti Knpa klo mnaikan harga bahan pokok gampng klo mnaikan upah buruh pabrik bahan pokok nya sulit... üò∞;0
Anggaran untuk MPR menurun, ribuuuttt... MPR minta bu Sri dicopot, upah buruh ga layak diem aja hemmm;0
@KemnakerRI @idafauziyah Buruh kok tidak di ajak ngobrol dari hati ke hati terkait efek kenaikan upah yg minim dan pemangkasan pesangon, perlu perhatian lo, Kemnaker itu sejati nya utk support buruh atau bukan ya ü§î;0
RT @AndiePeci: Kata Menteri Ketenagakerjaan upah buruh Indonesia terlalu tinggi  Padahal di ASEAN hanya diatas Myanmar  Bukankah Indonesia‚Ä¶;1
RT @AndiePeci: Kata Menteri Ketenagakerjaan upah buruh Indonesia terlalu tinggi  Padahal di ASEAN hanya diatas Myanmar  Bukankah Indonesia‚Ä¶;1
RT @elisa_jkt: Upah minimum buruh tertinggi se Indonesia juga percuma, ketika:  15% habis untuk transportasi 40% habis untuk kontrakan-list‚Ä¶;1
RT @elisa_jkt: Upah minimum buruh tertinggi se Indonesia juga percuma, ketika:  15% habis untuk transportasi 40% habis untuk kontrakan-list‚Ä¶;1
RT @elisa_jkt: Upah minimum buruh tertinggi se Indonesia juga percuma, ketika:  15% habis untuk transportasi 40% habis untuk kontrakan-list‚Ä¶;1
Iklim usaha lo Yo lagek angel, mulai mampak tumbuh. Harus sama2 menjaga, iklim investasi usaha. Baik buruh tahu, pengusaha tahu. Akibat pandemi ini. Awas cabut Indonesia yg ada PHK Lo, bijaksana lah sama2 menjaga. Gaya hidup di rem  @KemensetnegRI https://t.co/0s83UmqoDN;1
RT @cappimpong: Sinyal gawat.   MenLHK: ‚Äúlanjutkan pembangunan besar2an, deforestasi ga apa apa‚Äù  Menaker: ‚Äúupah buruh ketinggian‚Äù  Mensos:‚Ä¶;0
RT @AndiePeci: Kata Menteri Ketenagakerjaan upah buruh Indonesia terlalu tinggi  Padahal di ASEAN hanya diatas Myanmar  Bukankah Indonesia‚Ä¶;1
@detikcom Kan Anis sdg mainkan jurus priharin nasib buruh dgn mencoba melempar tanggung jawab ke menaker. Semua org jg paham bahwa UMP (Upah Minimun Propinsi ) adlh ranahnya Gubernur. Buruh hrs paham tu...;1
"@Wan9Wong213 @pengarang_sajak Solusi stop Demo Demo Kadrun ;  Kadrunnya diajak Demo ke BOHIR  ‚Äúnaik upah setara UMR buruh‚Äù  (kontan ‚ÄòNga ada demo lagi üòÇ‚Äù)";0
@MARQUEZ__93 Woyyy Kadrun  ‚ÄúBohir nya diDemo dong ‚Äú ‚Äúminta Naik upah (setara UMR buruh) üòÉ https://t.co/HjKd0s5Qb1;0
Buruh upah murah yang terus dieksploitasi. Asw tenan!;0
RT @elisa_jkt: Upah minimum buruh tertinggi se Indonesia juga percuma, ketika:  15% habis untuk transportasi 40% habis untuk kontrakan-list‚Ä¶;1
Rencana Buruh Mogok Nasional: Tolak Upah Minimum Versi UU Cipta Kerja  Herdi Alif Al Hikam - detikFinance Rabu, 01 Des 2021 10:31 WIB  https://t.co/N5U9G51rYd https://t.co/kQqY7NJsj8;1
RT @AndiePeci: Kata Menteri Ketenagakerjaan upah buruh Indonesia terlalu tinggi  Padahal di ASEAN hanya diatas Myanmar  Bukankah Indonesia‚Ä¶;1
RT @AndiePeci: Kata Menteri Ketenagakerjaan upah buruh Indonesia terlalu tinggi  Padahal di ASEAN hanya diatas Myanmar  Bukankah Indonesia‚Ä¶;1
RT @AndiePeci: Kata Menteri Ketenagakerjaan upah buruh Indonesia terlalu tinggi  Padahal di ASEAN hanya diatas Myanmar  Bukankah Indonesia‚Ä¶;1
RT @CNNIndonesia: Aksi Anies Baswedan yang meminta Menaker meninjau ulang formula UMP dinilai oleh sejumlah pengamat sebagai aksi politis b‚Ä¶;1
"RT @jijindut: Akan menerapkan ""SUSU' demi membantu Buruh mendapat Upah yg lebih baik..  Itu Janji Gubernur Jateng Ganjar Pranowo..  #Sahaba‚Ä¶";1
"Akan menerapkan ""SUSU' demi membantu Buruh mendapat Upah yg lebih baik..  Itu Janji Gubernur Jateng Ganjar Pranowo..  #SahabatGanjar  #Ganjar  #GanjarPranowo https://t.co/lPOJVMuhZv";1
RT @AndiePeci: Kata Menteri Ketenagakerjaan upah buruh Indonesia terlalu tinggi  Padahal di ASEAN hanya diatas Myanmar  Bukankah Indonesia‚Ä¶;1
RT @AndiePeci: Kata Menteri Ketenagakerjaan upah buruh Indonesia terlalu tinggi  Padahal di ASEAN hanya diatas Myanmar  Bukankah Indonesia‚Ä¶;1
Saat Demo Tuntut Kenaikan Upah Minimum, Buruh Sukabumi Tewas Usai Tabrak Truk yang Parkir  https://t.co/s7SoPGGCuN  #Jabarnews #beritalokal #beritahiperlokal #harianjabar #jabartoday #beritajabar #beritajawabarat #buruhkecelakaan #Sukabumijawabarat #Upahminimum;1
Ryan Latief Minta Pemerintah Tetapkan Nilai Upah Layak Buruh - https://t.co/VY1nPm7Kko https://t.co/oEg317XP7C;1
Terima Aspirasi Buruh Bupati Sukabumi Teken Surat Edaran Penerapan Struktur Skala¬†Upah https://t.co/gtqgsoqhXD;1
RT @elisa_jkt: Upah minimum buruh tertinggi se Indonesia juga percuma, ketika:  15% habis untuk transportasi 40% habis untuk kontrakan-list‚Ä¶;1
RT @ridwankamil: Namun PP 36 tahun 2021 secara substansial mencabut kewenangan kepala daerah dlm menentukan sendiri upah buruh 2022.   Kare‚Ä¶;1
Suka pengen menghujat orang2 kaya gitu deh. Mereka tuh gak paham apa gimana sih? Ya akupun yg seorang buruh gak setuju sama demo apalagi di masa pandemi gini. Tapi yang jadi masalah menurut aku kenaikan upah minimum yg gak sesuai sama kenaikan bahan pokok nantinya.;0
Upah buruh naik tapi harga minyak goreng jg selangit..  Pengusaha emang gak mau kalah  üò¨;0
RT @elisa_jkt: Upah minimum buruh tertinggi se Indonesia juga percuma, ketika:  15% habis untuk transportasi 40% habis untuk kontrakan-list‚Ä¶;1
RT @elisa_jkt: Upah minimum buruh tertinggi se Indonesia juga percuma, ketika:  15% habis untuk transportasi 40% habis untuk kontrakan-list‚Ä¶;1
RT @CNNIndonesia: Bahlil Ajak Buruh Berjiwa Besar Tak Tuntut Upah Tinggi https://t.co/cYYqqE6mxK;1
Buruh bersama kang emil  #RK2024 Indonesia Juara  https://t.co/5i77TNCNQf;1
RT @republikaonline: Buruh mendesak bupati untuk memastikan semua perusahaan menaikkan upah. https://t.co/03O8QXRUK6;1
Buruh mendesak bupati untuk memastikan semua perusahaan menaikkan upah. https://t.co/03O8QXRUK6;1
RT @cappimpong: Sinyal gawat.   MenLHK: ‚Äúlanjutkan pembangunan besar2an, deforestasi ga apa apa‚Äù  Menaker: ‚Äúupah buruh ketinggian‚Äù  Mensos:‚Ä¶;0
@Beritasatu SEBAIKNYA UNTUK MENGATASI UPAH BURUH KSPI DISARANKAN BUAT PERUSAHAAN SENDIRI SUPAYA BISA TAMPUNG ASPIRASI BURUH YANG SERING TURUN KE JALAN BUAT DEMO, DAN MENGHAMBAT AKTIVITAS WARGA LAIN YANG MAU BERAKTIVITAS.;1
Soal Upah Buruh, Ini Saran Bos HIPMI https://t.co/Yh8mqRECcJ;1
"RT @sahabatganjarid: Ganjar Pranowo berjanji akan membantu para buruh dalam menentukan Upah Minimum Kabupaten-Kota 2022 meski dirinya ""ters‚Ä¶";1
RT @elisa_jkt: Upah minimum buruh tertinggi se Indonesia juga percuma, ketika:  15% habis untuk transportasi 40% habis untuk kontrakan-list‚Ä¶;1
Kenaikan Upah di 9 Daerah Ini Kurang dari Rp5 Ribu, Ada yang Rp1.400  #umk #buruh #apindo #pengusaha #pandemi https://t.co/lKG1jSI71Q;1
Upah buruh ketinggian. Oke lah klo emg ketinggian tp faktany di lapangan perusahaan banyak yg ga bayar sesuai umr bun. Mending ada pengawasan ga dari menakernya? Tp jgn yg kerja yg lapor jg kan bahaya bun.;1
RT @AndiePeci: Kata Menteri Ketenagakerjaan upah buruh Indonesia terlalu tinggi  Padahal di ASEAN hanya diatas Myanmar  Bukankah Indonesia‚Ä¶;1
Ini baru bupatinya @moch_popon #ayakawani 1-4 Persen, Bupati Sukabumi Teken Edaran Terbaru: Apa Itu Skala Upah Buruh? https://t.co/42n7lAZOdK - undefined;1
RT @AndiePeci: Kata Menteri Ketenagakerjaan upah buruh Indonesia terlalu tinggi  Padahal di ASEAN hanya diatas Myanmar  Bukankah Indonesia‚Ä¶;1
RT @cappimpong: Sinyal gawat.   MenLHK: ‚Äúlanjutkan pembangunan besar2an, deforestasi ga apa apa‚Äù  Menaker: ‚Äúupah buruh ketinggian‚Äù  Mensos:‚Ä¶;0
"RT @sahabatganjarid: Ganjar Pranowo berjanji akan membantu para buruh dalam menentukan Upah Minimum Kabupaten-Kota 2022 meski dirinya ""ters‚Ä¶";1
RT @UndinSanusi: Upah minimum yang ditetapkan tidak memenuhi kebutuhan hidup layak (KHL).   #212RevolusiAkhlak #212RevolusiAkhlak https://t‚Ä¶;0
RT @UndinSanusi: Upah minimum yang ditetapkan tidak memenuhi kebutuhan hidup layak (KHL).   #212RevolusiAkhlak #212RevolusiAkhlak https://t‚Ä¶;0
RT @CNNIndonesia: Buruh Bakal Gugat 30 Gubernur ke PTUN Terkait Upah Minimum https://t.co/9Pyhs7Larf;1
RT @UndinSanusi: Upah minimum yang ditetapkan tidak memenuhi kebutuhan hidup layak (KHL).   #212RevolusiAkhlak #212RevolusiAkhlak https://t‚Ä¶;0
Upah minimum yang ditetapkan tidak memenuhi kebutuhan hidup layak (KHL).   #212RevolusiAkhlak #212RevolusiAkhlak https://t.co/gNmgVPrw3b;1
RT @CNNIndonesia: Buruh Bakal Gugat 30 Gubernur ke PTUN Terkait Upah Minimum https://t.co/9Pyhs7Larf;1
RT @elisa_jkt: Upah minimum buruh tertinggi se Indonesia juga percuma, ketika:  15% habis untuk transportasi 40% habis untuk kontrakan-list‚Ä¶;1
RT @CNNIndonesia: Buruh Bakal Gugat 30 Gubernur ke PTUN Terkait Upah Minimum https://t.co/9Pyhs7Larf;1
@CNNIndonesia Ya manusiawi lah pak..#upah buruh tidak sepadan dengan harga kebutuhan dan tuntutan zaman;0
RT @CNNIndonesia: Buruh Bakal Gugat 30 Gubernur ke PTUN Terkait Upah Minimum https://t.co/9Pyhs7Larf;1
Bupati Sukabumi  keputusan 1-4%  Penerapan Struktur Skala Upah   #sukabumi #sukabumiface #kabupaten #buruh   video oleh Avis Suryadi  group SUKABUMI FACEBOOK  03 Desember 2021 https://t.co/Vv8H6a8asj via @FacebookWatch;1
RT @elisa_jkt: Upah minimum buruh tertinggi se Indonesia juga percuma, ketika:  15% habis untuk transportasi 40% habis untuk kontrakan-list‚Ä¶;1
"RT @sahabatganjarid: Ganjar Pranowo berjanji akan membantu para buruh dalam menentukan Upah Minimum Kabupaten-Kota 2022 meski dirinya ""ters‚Ä¶";1
bahan pokok atau menaikkan upah buruh...??? Tidak mau pusing atau ada kepentingan rente...??? Upah buruh tidak usah naik asal harga2 bahan pokok turun...Buruh butuh Tritura:1)Bubarkan PDI.P 2)Turunkan Harga 3)Batalkan UU Ciptaker;0
"RT @sahabatganjarid: Ganjar Pranowo berjanji akan membantu para buruh dalam menentukan Upah Minimum Kabupaten-Kota 2022 meski dirinya ""ters‚Ä¶";1
Banyak yg lupa kalau menurunkan harga kebutuhan bahan2 pokok juga MENJADI KEWAJIBAN YG HARUS DILAKUKAN OLEH PEMERINTAH... Jangan salahkan buruh kalau menuntut kenaikan upah tinggi krn pemerintah tidak mampu menurunkan  harga kebutuhan bahan pokok... Pusing mana menurunkan harga;1
Buruh Bakal Gugat¬†SK Gubernur se-Indonesia soal Kenaikan Upah https://t.co/DgtqP0sKTX;1
RT @elisa_jkt: Upah minimum buruh tertinggi se Indonesia juga percuma, ketika:  15% habis untuk transportasi 40% habis untuk kontrakan-list‚Ä¶;1
RT @AndiePeci: Kata Menteri Ketenagakerjaan upah buruh Indonesia terlalu tinggi  Padahal di ASEAN hanya diatas Myanmar  Bukankah Indonesia‚Ä¶;1
RT @AndiePeci: Kata Menteri Ketenagakerjaan upah buruh Indonesia terlalu tinggi  Padahal di ASEAN hanya diatas Myanmar  Bukankah Indonesia‚Ä¶;1
RT @CNNIndonesia: Buruh Bakal Gugat 30 Gubernur ke PTUN Terkait Upah Minimum https://t.co/9Pyhs7Larf;1
RT @AndiePeci: Kata Menteri Ketenagakerjaan upah buruh Indonesia terlalu tinggi  Padahal di ASEAN hanya diatas Myanmar  Bukankah Indonesia‚Ä¶;1
RT @AndiePeci: Kata Menteri Ketenagakerjaan upah buruh Indonesia terlalu tinggi  Padahal di ASEAN hanya diatas Myanmar  Bukankah Indonesia‚Ä¶;1
Upah Buruh 2022 Naik Recehan, Jusuf Kalla Kritik PKB dan Menaker Ida, Angkanya Kok di Bawah Inflasi https://t.co/c5kxN9Ato2;1
@txtdrpemerintah buruh ajak bahlil, serta seluruh pegawai pemerintahan pusat hingga kelurahan. untuk berjiwa besar tak tuntut anggaran tinggi, tunjangan tinggi, dan upah tinggi.  terimakasih.;1
RT @AndiePeci: Kata Menteri Ketenagakerjaan upah buruh Indonesia terlalu tinggi  Padahal di ASEAN hanya diatas Myanmar  Bukankah Indonesia‚Ä¶;1
RT @AndiePeci: Kata Menteri Ketenagakerjaan upah buruh Indonesia terlalu tinggi  Padahal di ASEAN hanya diatas Myanmar  Bukankah Indonesia‚Ä¶;1
RT @AndiePeci: Kata Menteri Ketenagakerjaan upah buruh Indonesia terlalu tinggi  Padahal di ASEAN hanya diatas Myanmar  Bukankah Indonesia‚Ä¶;1
RT @cappimpong: Sinyal gawat.   MenLHK: ‚Äúlanjutkan pembangunan besar2an, deforestasi ga apa apa‚Äù  Menaker: ‚Äúupah buruh ketinggian‚Äù  Mensos:‚Ä¶;0
RT @AndiePeci: Kata Menteri Ketenagakerjaan upah buruh Indonesia terlalu tinggi  Padahal di ASEAN hanya diatas Myanmar  Bukankah Indonesia‚Ä¶;1
RT @AndiePeci: Kata Menteri Ketenagakerjaan upah buruh Indonesia terlalu tinggi  Padahal di ASEAN hanya diatas Myanmar  Bukankah Indonesia‚Ä¶;1
"RT @sahabatganjarid: Ganjar Pranowo berjanji akan membantu para buruh dalam menentukan Upah Minimum Kabupaten-Kota 2022 meski dirinya ""ters‚Ä¶";1
RT @AndiePeci: Kata Menteri Ketenagakerjaan upah buruh Indonesia terlalu tinggi  Padahal di ASEAN hanya diatas Myanmar  Bukankah Indonesia‚Ä¶;1
RT @AndiePeci: Kata Menteri Ketenagakerjaan upah buruh Indonesia terlalu tinggi  Padahal di ASEAN hanya diatas Myanmar  Bukankah Indonesia‚Ä¶;1
RT @AndiePeci: Kata Menteri Ketenagakerjaan upah buruh Indonesia terlalu tinggi  Padahal di ASEAN hanya diatas Myanmar  Bukankah Indonesia‚Ä¶;1
RT @AndiePeci: Kata Menteri Ketenagakerjaan upah buruh Indonesia terlalu tinggi  Padahal di ASEAN hanya diatas Myanmar  Bukankah Indonesia‚Ä¶;1
RT @AndiePeci: Kata Menteri Ketenagakerjaan upah buruh Indonesia terlalu tinggi  Padahal di ASEAN hanya diatas Myanmar  Bukankah Indonesia‚Ä¶;1
RT @AndiePeci: Kata Menteri Ketenagakerjaan upah buruh Indonesia terlalu tinggi  Padahal di ASEAN hanya diatas Myanmar  Bukankah Indonesia‚Ä¶;1
RT @AndiePeci: Kata Menteri Ketenagakerjaan upah buruh Indonesia terlalu tinggi  Padahal di ASEAN hanya diatas Myanmar  Bukankah Indonesia‚Ä¶;1
RT @AndiePeci: Kata Menteri Ketenagakerjaan upah buruh Indonesia terlalu tinggi  Padahal di ASEAN hanya diatas Myanmar  Bukankah Indonesia‚Ä¶;1
RT @AndiePeci: Kata Menteri Ketenagakerjaan upah buruh Indonesia terlalu tinggi  Padahal di ASEAN hanya diatas Myanmar  Bukankah Indonesia‚Ä¶;1
RT @AndiePeci: Kata Menteri Ketenagakerjaan upah buruh Indonesia terlalu tinggi  Padahal di ASEAN hanya diatas Myanmar  Bukankah Indonesia‚Ä¶;1
RT @elisa_jkt: Upah minimum buruh tertinggi se Indonesia juga percuma, ketika:  15% habis untuk transportasi 40% habis untuk kontrakan-list‚Ä¶;1
RT @AndiePeci: Kata Menteri Ketenagakerjaan upah buruh Indonesia terlalu tinggi  Padahal di ASEAN hanya diatas Myanmar  Bukankah Indonesia‚Ä¶;1
RT @AndiePeci: Kata Menteri Ketenagakerjaan upah buruh Indonesia terlalu tinggi  Padahal di ASEAN hanya diatas Myanmar  Bukankah Indonesia‚Ä¶;1
RT @AndiePeci: Kata Menteri Ketenagakerjaan upah buruh Indonesia terlalu tinggi  Padahal di ASEAN hanya diatas Myanmar  Bukankah Indonesia‚Ä¶;1
RT @AndiePeci: Kata Menteri Ketenagakerjaan upah buruh Indonesia terlalu tinggi  Padahal di ASEAN hanya diatas Myanmar  Bukankah Indonesia‚Ä¶;1
Kabar Perjuangan Buruh Perkebunan Di Kabupaten Ketapang Kalbar Untuk Mendapatkan Upah Layak https://t.co/d2pu1qX138 https://t.co/C4zTytm8Jx;1
Kata Menteri Ketenagakerjaan upah buruh Indonesia terlalu tinggi  Padahal di ASEAN hanya diatas Myanmar  Bukankah Indonesia satu¬≤nya negara ASEAN yg jd anggota G20 Kumpulan negara¬≤ top  Menteri Ketenagakerjaan = Kakean gluduk, kurang udan https://t.co/yxnXvGIFn7;0
RT @ridwankamil: Namun PP 36 tahun 2021 secara substansial mencabut kewenangan kepala daerah dlm menentukan sendiri upah buruh 2022.   Kare‚Ä¶;1
"RT @sahabatganjarid: Ganjar Pranowo berjanji akan membantu para buruh dalam menentukan Upah Minimum Kabupaten-Kota 2022 meski dirinya ""ters‚Ä¶";0
RT @DikaPrasetio8: @txtdrpemerintah Kenapa sih makin kesini jabatan2 strategis di isi orang2 yg mau jadi pelawak tapi lawakannya ga lucu.‚Ä¶;0
RT @elisa_jkt: Upah minimum buruh tertinggi se Indonesia juga percuma, ketika:  15% habis untuk transportasi 40% habis untuk kontrakan-list‚Ä¶;1
RT @elisa_jkt: Upah minimum buruh tertinggi se Indonesia juga percuma, ketika:  15% habis untuk transportasi 40% habis untuk kontrakan-list‚Ä¶;1
RT @CNNIndonesia: Aksi Anies Baswedan yang meminta Menaker meninjau ulang formula UMP dinilai oleh sejumlah pengamat sebagai aksi politis b‚Ä¶;1
RT @elisa_jkt: Upah minimum buruh tertinggi se Indonesia juga percuma, ketika:  15% habis untuk transportasi 40% habis untuk kontrakan-list‚Ä¶;1
RT @elisa_jkt: Upah minimum buruh tertinggi se Indonesia juga percuma, ketika:  15% habis untuk transportasi 40% habis untuk kontrakan-list‚Ä¶;1
RT @Musri_SEBUMI: Buruh dari masa ke masa, selalu diminta untuk tidak tuntut upah (naik) tinggi. Tapi dari masa ke masa juga, buruh dituntu‚Ä¶;1
"Undang2 cipta kerja ini d senyalir hanya akal2an pengusaha nakal utk menghindari pajak daerah, menguasai lahan&amp;membayar buruh dgn upah murah.judulnya sj utk menarik investor &amp;membuka lapangan kerja. sampai berani2 menentang UUD45.mau diapakan negri ini?üôÑ";0
Kabar Perjuangan Buruh Perkebunan Di Kabupaten Ketapang Kalbar Untuk Mendapatkan Upah Layak https://t.co/YrxMpZtmRu;0
RT @Musri_SEBUMI: Buruh dari masa ke masa, selalu diminta untuk tidak tuntut upah (naik) tinggi. Tapi dari masa ke masa juga, buruh dituntu‚Ä¶;1
RT @elisa_jkt: Upah minimum buruh tertinggi se Indonesia juga percuma, ketika:  15% habis untuk transportasi 40% habis untuk kontrakan-list‚Ä¶;1
@SukabumiToday @imfajarsdq @TeguhDr_ Tidak mensyukuri rizki yg berikan Tuhan, pasca pandemi semua aspek termasuk perusahan mengalami gangguan keuangan, ini buruh malah tambah upah.. kacau hidup manusia seperti itu;0
RT @elisa_jkt: Upah minimum buruh tertinggi se Indonesia juga percuma, ketika:  15% habis untuk transportasi 40% habis untuk kontrakan-list‚Ä¶;1
RT @CNNIndonesia: Aksi Anies Baswedan yang meminta Menaker meninjau ulang formula UMP dinilai oleh sejumlah pengamat sebagai aksi politis b‚Ä¶;0
"Ganjar Pranowo berjanji akan membantu para buruh dalam menentukan Upah Minimum Kabupaten-Kota 2022 meski dirinya ""tersandera"" oleh Peraturan Pemerintah Nomor 36 tahun 2021 tentang Pengupahan.  #SahabatGanjar https://t.co/HRNcfXYetj";1
RT @elisa_jkt: Upah minimum buruh tertinggi se Indonesia juga percuma, ketika:  15% habis untuk transportasi 40% habis untuk kontrakan-list‚Ä¶;1
@Lutvanistelroy @Dicta_gomeszh @kompascom PP demo tujuan jelas..supaya anggota dewan yg juga pengacara itu minta maaf.. Buruh demo jelass..minta kenaikan upah.. Nah grombolan ODGJ 212 itu tujuannya APA..üòéüòéüòé;1
RT @CNNIndonesia: Aksi Anies Baswedan yang meminta Menaker meninjau ulang formula UMP dinilai oleh sejumlah pengamat sebagai aksi politis b‚Ä¶;1
DKI bukan lagi kota impian.. Lha gimana, di masa pandemi aja hampir tiap bulan ada demo apalagi non pandemi. Buruh dan pekerja dgn egoisnya minta kenaikan upah, padahal masa pandemi hampir semua sektor terancam gulung tikar, belum lagi demo 212 yg selalu sj melumpuhkan jalan2..;0
RT @elisa_jkt: Upah minimum buruh tertinggi se Indonesia juga percuma, ketika:  15% habis untuk transportasi 40% habis untuk kontrakan-list‚Ä¶;1
"RT @sahabatganjarid: Ganjar Pranowo berjanji akan membantu para buruh dalam menentukan Upah Minimum Kabupaten-Kota 2022 meski dirinya ""ters‚Ä¶";0
MPR Aja anggaran nya di potong kelabakan nya minta ampun, Apalagi buruh upah nya ga naik.. Harusnya MPR lebih mementingkan rakyat jangan kisruh gara gara anggaran ga naik..;0
"RT @sahabatganjarid: Ganjar Pranowo berjanji akan membantu para buruh dalam menentukan Upah Minimum Kabupaten-Kota 2022 meski dirinya ""ters‚Ä¶";1
"@MojackThePoet @usepmadangkara @Bilfishclub66g2 @handono_b @Nicho_Silalahi HARUS DIINGAT Soeharto menjadi Presiden karena peran USA &amp; negara¬≤ kapitalis  UU No. 1 Tahun 1967 tentang PMA produk pertama Orde Baru  Upah buruh murah, situasi &amp; politik aman terkendali, buku¬≤ &amp; informasi disensor, menuntut upah seperti Marsinah mati tragis, SB dituduh komunis";1
@CNNIndonesia Logikanya @aniesbaswedan lbh dulu tau besaran upah yg akan diumumkan kpd publik, jika dia sungguh2 berempati, hrsnya lgsg bikin ajuan atau keberatan dulu, tp baru koar2 stlh demo buruh sih patut dipertanyakan mksdnya di balik itu, dia cuci tangan (pengecut) atau  politis;0
RT @elisa_jkt: Upah minimum buruh tertinggi se Indonesia juga percuma, ketika:  15% habis untuk transportasi 40% habis untuk kontrakan-list‚Ä¶;0
"Ganjar Pranowo berjanji akan membantu para buruh dalam menentukan Upah Minimum Kabupaten-Kota 2022 meski dirinya ""tersandera"" oleh Peraturan Pemerintah Nomor 36 tahun 2021 tentang Pengupahan.  #SahabatGanjar https://t.co/hlXqXCVlE7";0
RT @elisa_jkt: Upah minimum buruh tertinggi se Indonesia juga percuma, ketika:  15% habis untuk transportasi 40% habis untuk kontrakan-list‚Ä¶;1
RT @elisa_jkt: Upah minimum buruh tertinggi se Indonesia juga percuma, ketika:  15% habis untuk transportasi 40% habis untuk kontrakan-list‚Ä¶;1
RT @elisa_jkt: Upah minimum buruh tertinggi se Indonesia juga percuma, ketika:  15% habis untuk transportasi 40% habis untuk kontrakan-list‚Ä¶;1
RT @elisa_jkt: Upah minimum buruh tertinggi se Indonesia juga percuma, ketika:  15% habis untuk transportasi 40% habis untuk kontrakan-list‚Ä¶;1
RT @elisa_jkt: Upah minimum buruh tertinggi se Indonesia juga percuma, ketika:  15% habis untuk transportasi 40% habis untuk kontrakan-list‚Ä¶;1
RT @elisa_jkt: Upah minimum buruh tertinggi se Indonesia juga percuma, ketika:  15% habis untuk transportasi 40% habis untuk kontrakan-list‚Ä¶;1
RT @elisa_jkt: Upah minimum buruh tertinggi se Indonesia juga percuma, ketika:  15% habis untuk transportasi 40% habis untuk kontrakan-list‚Ä¶;1
Kemarin ngomongin upah buruh, sekarang korupsi ga perlu dipenjara Emang mantap ni kaleng krupuk https://t.co/eg1Qi7g9Wg;0
RT @CNNIndonesia: Aksi Anies Baswedan yang meminta Menaker meninjau ulang formula UMP dinilai oleh sejumlah pengamat sebagai aksi politis b‚Ä¶;1
RT @elisa_jkt: Upah minimum buruh tertinggi se Indonesia juga percuma, ketika:  15% habis untuk transportasi 40% habis untuk kontrakan-list‚Ä¶;0
RT @CNNIndonesia: Aksi Anies Baswedan yang meminta Menaker meninjau ulang formula UMP dinilai oleh sejumlah pengamat sebagai aksi politis b‚Ä¶;1
RT @CNNIndonesia: Aksi Anies Baswedan yang meminta Menaker meninjau ulang formula UMP dinilai oleh sejumlah pengamat sebagai aksi politis b‚Ä¶;1
RT @elisa_jkt: Upah minimum buruh tertinggi se Indonesia juga percuma, ketika:  15% habis untuk transportasi 40% habis untuk kontrakan-list‚Ä¶;1
RT @cappimpong: Sinyal gawat.   MenLHK: ‚Äúlanjutkan pembangunan besar2an, deforestasi ga apa apa‚Äù  Menaker: ‚Äúupah buruh ketinggian‚Äù  Mensos:‚Ä¶;0
RT @elisa_jkt: Upah minimum buruh tertinggi se Indonesia juga percuma, ketika:  15% habis untuk transportasi 40% habis untuk kontrakan-list‚Ä¶;1
RT @CNNIndonesia: Aksi Anies Baswedan yang meminta Menaker meninjau ulang formula UMP dinilai oleh sejumlah pengamat sebagai aksi politis b‚Ä¶;1
RT @CNNIndonesia: Aksi Anies Baswedan yang meminta Menaker meninjau ulang formula UMP dinilai oleh sejumlah pengamat sebagai aksi politis b‚Ä¶;1
Aksi Anies Baswedan yang meminta Menaker meninjau ulang formula UMP dinilai oleh sejumlah pengamat sebagai aksi politis belaka. Namun, menurut mereka sikap Anies tetap perlu didukung demi upah buruh yang lebih layak. https://t.co/cGa0wKtUKe #Analisis #CNNIndonesia https://t.co/UV4M4yu0q4;1
RT @elisa_jkt: Upah minimum buruh tertinggi se Indonesia juga percuma, ketika:  15% habis untuk transportasi 40% habis untuk kontrakan-list‚Ä¶;1
RT @cappimpong: Sinyal gawat.   MenLHK: ‚Äúlanjutkan pembangunan besar2an, deforestasi ga apa apa‚Äù  Menaker: ‚Äúupah buruh ketinggian‚Äù  Mensos:‚Ä¶;1
RT @FerdinandHaean3: Gubernur Terbodoh versi google melempar masalah upah ke Pusat. Sy yakin dia paham ttg penentuan Formula UMP ini dgn ko‚Ä¶;0
RT @elisa_jkt: Upah minimum buruh tertinggi se Indonesia juga percuma, ketika:  15% habis untuk transportasi 40% habis untuk kontrakan-list‚Ä¶;1
"Oh ya, salah satu kritik terhadap uu cipta kerja adalah exemption aturan upah minimum utk usaha2 padat karya &amp; mikro-kecil. Ya! Upah buruh di usaha mikro-kecil secara legal bisa *lebih rendah* dibandingkan ketentuan upah minimum yg berlaku!";0
Buruh dari masa ke masa, selalu diminta untuk tidak tuntut upah (naik) tinggi. Tapi dari masa ke masa juga, buruh dituntut produktif dan penuhi target produksi tinggi.;0
RT @TeddGus: Said Iqbal framing kenaikan UMP DKI sebesar Rp 37.749, itu sama saja dgn membiarkan buruh hidup sehari dgn biaya Rp.1300,-. In‚Ä¶;0
RT @elisa_jkt: Upah minimum buruh tertinggi se Indonesia juga percuma, ketika:  15% habis untuk transportasi 40% habis untuk kontrakan-list‚Ä¶;1
RT @cappimpong: Sinyal gawat.   MenLHK: ‚Äúlanjutkan pembangunan besar2an, deforestasi ga apa apa‚Äù  Menaker: ‚Äúupah buruh ketinggian‚Äù  Mensos:‚Ä¶;0
RT @elisa_jkt: Upah minimum buruh tertinggi se Indonesia juga percuma, ketika:  15% habis untuk transportasi 40% habis untuk kontrakan-list‚Ä¶;1
Masyarakat menolak demonstrasi buruh yang berupaya menuntut kenaikan upah minimum.  Jangan Abaikan Prokes https://t.co/DYlIDsHbs9;1
RT @elisa_jkt: Upah minimum buruh tertinggi se Indonesia juga percuma, ketika:  15% habis untuk transportasi 40% habis untuk kontrakan-list‚Ä¶;1
RT @TeddGus: Said Iqbal framing kenaikan UMP DKI sebesar Rp 37.749, itu sama saja dgn membiarkan buruh hidup sehari dgn biaya Rp.1300,-. In‚Ä¶;1
Said Iqbal framing kenaikan UMP DKI sebesar Rp 37.749, itu sama saja dgn membiarkan buruh hidup sehari dgn biaya Rp.1300,-. Ini jelas menyesatkan, seolah2 upah hanya Rp. 37.746 sebulan.  Dalam kondisi ekonomi di masa covid saat ini, Organisasi buruh jgn sampai merugikan buruh..;1
RT @cappimpong: Sinyal gawat.   MenLHK: ‚Äúlanjutkan pembangunan besar2an, deforestasi ga apa apa‚Äù  Menaker: ‚Äúupah buruh ketinggian‚Äù  Mensos:‚Ä¶;0
RT @elisa_jkt: Upah minimum buruh tertinggi se Indonesia juga percuma, ketika:  15% habis untuk transportasi 40% habis untuk kontrakan-list‚Ä¶;1
RT @elisa_jkt: Upah minimum buruh tertinggi se Indonesia juga percuma, ketika:  15% habis untuk transportasi 40% habis untuk kontrakan-list‚Ä¶;1
RT @elisa_jkt: Upah minimum buruh tertinggi se Indonesia juga percuma, ketika:  15% habis untuk transportasi 40% habis untuk kontrakan-list‚Ä¶;1
RT @elisa_jkt: Upah minimum buruh tertinggi se Indonesia juga percuma, ketika:  15% habis untuk transportasi 40% habis untuk kontrakan-list‚Ä¶;1
@txtdrpemerintah Kenapa sih makin kesini jabatan2 strategis di isi orang2 yg mau jadi pelawak tapi lawakannya ga lucu.  Dulu cabe mahal disuruh nanem sendiri, beras mahal disuruh diet, buruh nuntut kenaikan upah malah disuruh berjiwa besar. Kalian itu dipilih buat nyari solusi bukan nyari masalah;0
upah minimum daerah malang memang tidak akan naik tinggi, tetapi pemkot malang mengusulkan buruh akan ada tambahan upah berupa puluran ketan (hal wajib dalam soyo/sayan lek jare aldopeskop) https://t.co/ItqnmSUY4W;0
RT @elisa_jkt: Upah minimum buruh tertinggi se Indonesia juga percuma, ketika:  15% habis untuk transportasi 40% habis untuk kontrakan-list‚Ä¶;0
Dinamika ketegangan buruh-pengusaha soal penetapan upah minimum provinsi ibarat agenda rutin tiap tahun negeri ini. Meski upah minimum jadi landasan, pemerintah kerap menyampaikan upah minimum menjadi jaring pengaman. #Ekonomi @bdm2502 #AdadiKompas   https://t.co/veeCPqAqPQ;1
RT @cappimpong: Sinyal gawat.   MenLHK: ‚Äúlanjutkan pembangunan besar2an, deforestasi ga apa apa‚Äù  Menaker: ‚Äúupah buruh ketinggian‚Äù  Mensos:‚Ä¶;0
RT @elisa_jkt: Upah minimum buruh tertinggi se Indonesia juga percuma, ketika:  15% habis untuk transportasi 40% habis untuk kontrakan-list‚Ä¶;1
RT @cappimpong: Sinyal gawat.   MenLHK: ‚Äúlanjutkan pembangunan besar2an, deforestasi ga apa apa‚Äù  Menaker: ‚Äúupah buruh ketinggian‚Äù  Mensos:‚Ä¶;0
RT @cappimpong: Sinyal gawat.   MenLHK: ‚Äúlanjutkan pembangunan besar2an, deforestasi ga apa apa‚Äù  Menaker: ‚Äúupah buruh ketinggian‚Äù  Mensos:‚Ä¶;0
RT @QaillaAsyiqah: Aksi Menolak Upah Murah ~ Ribuan buruh menjebol pagar Kantor Gubernur Banten (KP3B).. Kemarin (30/Nov/2021) ‚úäüèªüáÆüá© https:/‚Ä¶;1
Buku 27 halaman seharga gaji 1 bulan  Buruh artinya menjual tenaga, penukaran tenaga (prijs) dengan uang, itulah yang dinamakan upah ( gaji, loon ) didalam zaman perbudakan tubuh manusia dan jiwanya diperjual-belikan, sekalian tenaganya. Jiwanya dipunyai oleh yang dipertuankannya https://t.co/m4GfnQ8LTP;0
Bahlil Ajak Pengusaha Berjiwa Besar Untuk Mengikuti Aturan Pemerintah Tentang Kenaikan Upah Buruh üëç https://t.co/8w6c8vZz0L;1
Sinyal gawat.   MenLHK: ‚Äúlanjutkan pembangunan besar2an, deforestasi ga apa apa‚Äù  Menaker: ‚Äúupah buruh ketinggian‚Äù  Mensos: ‚Äúorang tuli harus dipaksa ngomong‚Äù;1
Gubernur Jatim mengatakan, bagi pekerja/buruh dengan masa kerja di atas 1 tahun, maka pengupahan yang berlaku dengan menggunakan struktur dan skala upah dan tidak boleh ada pengurangan upah yang sudah berjalan;1
Menurut Khofifah, penetapan upah minimum ini merupakan suatu standar minimum yang ditetapkan oleh pemerintah dan berlaku bagi pekerja/buruh dengan masa kerja kurang dari 1 tahun pada perusahaan yang bersangkutan.;0
RT @elisa_jkt: Upah minimum buruh tertinggi se Indonesia juga percuma, ketika:  15% habis untuk transportasi 40% habis untuk kontrakan-list‚Ä¶;1
RT @elisa_jkt: Upah minimum buruh tertinggi se Indonesia juga percuma, ketika:  15% habis untuk transportasi 40% habis untuk kontrakan-list‚Ä¶;1
RT @elisa_jkt: Upah minimum buruh tertinggi se Indonesia juga percuma, ketika:  15% habis untuk transportasi 40% habis untuk kontrakan-list‚Ä¶;1
PARTAI BURUH ANTI PEMISKINAN RAKYAT   Penetapan¬† upah murah oleh pemerintah yang didukung DPR RI  cara Pemiskinan Rakyat secara konstitusi menggunakan UU Cipta Kerja  Bodong. Dengan memiskinan Rakyat, pasti kapitalis akan tetap berkuasa, dgn cara politik uang dalam pemilu.;0
RT @elisa_jkt: Upah minimum buruh tertinggi se Indonesia juga percuma, ketika:  15% habis untuk transportasi 40% habis untuk kontrakan-list‚Ä¶;1
RT @elisa_jkt: Upah minimum buruh tertinggi se Indonesia juga percuma, ketika:  15% habis untuk transportasi 40% habis untuk kontrakan-list‚Ä¶;0
RT @elisa_jkt: Upah minimum buruh tertinggi se Indonesia juga percuma, ketika:  15% habis untuk transportasi 40% habis untuk kontrakan-list‚Ä¶;1
@txtdrpemerintah Buruh ajak Bahlil berijawa besar tuntut upah tinggi -buruh 2021;1
RT @elisa_jkt: Upah minimum buruh tertinggi se Indonesia juga percuma, ketika:  15% habis untuk transportasi 40% habis untuk kontrakan-list‚Ä¶;1
MPR lantang bersuara ketika anggaranya dipotong tapi diam ketika buruh minta sedikit saja kenaikan upah dan membela oligarki;1
RT @AndiePeci: Upah buruh  terus mengalami penurunan secara sistem  Upah nominal memang naik Tapi upah riil semakin menurun  Dulu perhitung‚Ä¶;1
RT @elisa_jkt: Upah minimum buruh tertinggi se Indonesia juga percuma, ketika:  15% habis untuk transportasi 40% habis untuk kontrakan-list‚Ä¶;0
RT @elisa_jkt: Upah minimum buruh tertinggi se Indonesia juga percuma, ketika:  15% habis untuk transportasi 40% habis untuk kontrakan-list‚Ä¶;1
RT @elisa_jkt: Upah minimum buruh tertinggi se Indonesia juga percuma, ketika:  15% habis untuk transportasi 40% habis untuk kontrakan-list‚Ä¶;1
RT @elisa_jkt: Upah minimum buruh tertinggi se Indonesia juga percuma, ketika:  15% habis untuk transportasi 40% habis untuk kontrakan-list‚Ä¶;1
RT @elisa_jkt: Upah minimum buruh tertinggi se Indonesia juga percuma, ketika:  15% habis untuk transportasi 40% habis untuk kontrakan-list‚Ä¶;1
RT @elisa_jkt: Upah minimum buruh tertinggi se Indonesia juga percuma, ketika:  15% habis untuk transportasi 40% habis untuk kontrakan-list‚Ä¶;1
RT @elisa_jkt: Upah minimum buruh tertinggi se Indonesia juga percuma, ketika:  15% habis untuk transportasi 40% habis untuk kontrakan-list‚Ä¶;1
RT @elisa_jkt: Upah minimum buruh tertinggi se Indonesia juga percuma, ketika:  15% habis untuk transportasi 40% habis untuk kontrakan-list‚Ä¶;1
RT @elisa_jkt: Upah minimum buruh tertinggi se Indonesia juga percuma, ketika:  15% habis untuk transportasi 40% habis untuk kontrakan-list‚Ä¶;1
@txtdrpemerintah Buruh ajak Bahlil berjiwa besar tak tuntut upah tinggi, dan fasilitas pendukung dari negara, dan membayar pajak lebih besar;1
RT @elisa_jkt: Upah minimum buruh tertinggi se Indonesia juga percuma, ketika:  15% habis untuk transportasi 40% habis untuk kontrakan-list‚Ä¶;1
Janten kmh pak @ridwankamil terkait upah buruh, bapak teh tos jadi panutan rakyat jawabarat di pilih ku rakyat janten kedahna ngabela rakyat...;1
RT @elisa_jkt: Upah minimum buruh tertinggi se Indonesia juga percuma, ketika:  15% habis untuk transportasi 40% habis untuk kontrakan-list‚Ä¶;1
RT @m_mirah: Para pemimpin negara yang cerdas pasti akan menaikkan upah buruh/ pekerja nya dengan tinggi karena dengan upah tinggi maka day‚Ä¶;1
https://t.co/eyPaiDwpfp SETOP PRODUKSI SERENTAK SELURUH INDONESIA 6- 8 DESEMBER ...MERDEKA üáÆüá©üí™üèº;0
@RamliRizal Nitip ke @DPP_PKB pak RR, menterinya jangan nindas buruh dengan upah murah;0
RT @elisa_jkt: Upah minimum buruh tertinggi se Indonesia juga percuma, ketika:  15% habis untuk transportasi 40% habis untuk kontrakan-list‚Ä¶;1
RT @_Kemuning_senja: Fix jadi jongos d negeri sendiri. Akibat para penguasa, para birokrat bara dewan, gak ada yg memperjuangkan rakyat kel‚Ä¶;0
RT @CNNIndonesia: Bahlil Ajak Buruh Berjiwa Besar Tak Tuntut Upah Tinggi https://t.co/cYYqqE6mxK;1
RT @Mas_Aker: Semoga Upah buruh di DIY segera mirip Singapura.;1
RT @elisa_jkt: Upah minimum buruh tertinggi se Indonesia juga percuma, ketika:  15% habis untuk transportasi 40% habis untuk kontrakan-list‚Ä¶;1
RT @elisa_jkt: Upah minimum buruh tertinggi se Indonesia juga percuma, ketika:  15% habis untuk transportasi 40% habis untuk kontrakan-list‚Ä¶;1
RT @elisa_jkt: Upah minimum buruh tertinggi se Indonesia juga percuma, ketika:  15% habis untuk transportasi 40% habis untuk kontrakan-list‚Ä¶;1
RT @elisa_jkt: Upah minimum buruh tertinggi se Indonesia juga percuma, ketika:  15% habis untuk transportasi 40% habis untuk kontrakan-list‚Ä¶;1
RT @CNNIndonesia: Bahlil Ajak Buruh Berjiwa Besar Tak Tuntut Upah Tinggi https://t.co/cYYqqE6mxK;1
@txtdrpemerintah Iya pak buruh ga tuntut upah tinggi, asal kerjanya digantiin sm bapak. Gmn?;0
RT @elisa_jkt: Upah minimum buruh tertinggi se Indonesia juga percuma, ketika:  15% habis untuk transportasi 40% habis untuk kontrakan-list‚Ä¶;1
RT @elisa_jkt: Upah minimum buruh tertinggi se Indonesia juga percuma, ketika:  15% habis untuk transportasi 40% habis untuk kontrakan-list‚Ä¶;1
Kabar Perjuangan Buruh Perkebunan Di Kabupaten Ketapang Kalbar Untuk Mendapatkan Upah Layak https://t.co/LlZobJem0x https://t.co/l4tEEUgN9q;0
RT @elisa_jkt: Upah minimum buruh tertinggi se Indonesia juga percuma, ketika:  15% habis untuk transportasi 40% habis untuk kontrakan-list‚Ä¶;1
Ia padahal kemaren demo buruh mengenai upah juga kenapa demo g on line ya??  Demo mahasiswa juga harusnya On Line juga dong biar kaya daring..hehhehe https://t.co/WTgBQhVCMm;0
Buruh, kuli, rakyat kecil harus berjiwa besar dapet upah minim dlm kondisi kelaparan... Kok yg korupsi triliyunan ga berjiwa besar buat dihukum mati? Hehe üòÖ https://t.co/WI2JWyRojh;1
RT @elisa_jkt: Upah minimum buruh tertinggi se Indonesia juga percuma, ketika:  15% habis untuk transportasi 40% habis untuk kontrakan-list‚Ä¶;1
@txtdrpemerintah Kenapa ga gaji Mentri di bawah umr? Terus duitnya bagi-bagi buat pengganti upah buruh, lagian itu bapak-bapak diem tiba-tiba Dateng ngang ngeng ngong;1
RT @elisa_jkt: Upah minimum buruh tertinggi se Indonesia juga percuma, ketika:  15% habis untuk transportasi 40% habis untuk kontrakan-list‚Ä¶;0
RT @uyaboira: PP No.36/2021 mencabut kewenangan KaDa menentukan upah buruh. Rumusan Upah Buruh sekarang pake dari Pusat, dari Kemenaker. Te‚Ä¶;1
RT @elisa_jkt: Upah minimum buruh tertinggi se Indonesia juga percuma, ketika:  15% habis untuk transportasi 40% habis untuk kontrakan-list‚Ä¶;0
RT @elisa_jkt: Upah minimum buruh tertinggi se Indonesia juga percuma, ketika:  15% habis untuk transportasi 40% habis untuk kontrakan-list‚Ä¶;1
RT @elisa_jkt: Upah minimum buruh tertinggi se Indonesia juga percuma, ketika:  15% habis untuk transportasi 40% habis untuk kontrakan-list‚Ä¶;1
RT @elisa_jkt: Upah minimum buruh tertinggi se Indonesia juga percuma, ketika:  15% habis untuk transportasi 40% habis untuk kontrakan-list‚Ä¶;1
Kabar Perjuangan Buruh Perkebunan Di Kabupaten Ketapang Kalbar Untuk Mendapatkan Upah Layak https://t.co/OOjdnIofTX https://t.co/weaONWpKvK;1
RT @elisa_jkt: Upah minimum buruh tertinggi se Indonesia juga percuma, ketika:  15% habis untuk transportasi 40% habis untuk kontrakan-list‚Ä¶;1
"@odysseusurion @Fucksinnnnn @txtdrpemerintah Punten mas, mengarah ke konteks berita aja ni, ditekankan ""pengusaha"", menurut saya ya, tentu lebih ke arah buruh kasar, bukan brrti buruh profesional ga brhak dpet kenaikan upah, anyway, thnks infonya lohüôåüèΩ https://t.co/gcB4N96rXK";1
RT @elisa_jkt: Upah minimum buruh tertinggi se Indonesia juga percuma, ketika:  15% habis untuk transportasi 40% habis untuk kontrakan-list‚Ä¶;1
@txtdrpemerintah Please anjie upah buruh udah lumayan worthit bgt:' sesuai umr. Kebayakan gaya hidupnya jdi demo mulu;0
PP No.36/2021 mencabut kewenangan KaDa menentukan upah buruh. Rumusan Upah Buruh sekarang pake dari Pusat, dari Kemenaker. Terus kemarin Menteri Investasi Bahlul (sengaja typo) bilang Buruh disuruh berjiwa besar jng menuntut upah tinggi. Beginilah jika MK sudah berhengki-pengkiüí©;1
RT @elisa_jkt: Upah minimum buruh tertinggi se Indonesia juga percuma, ketika:  15% habis untuk transportasi 40% habis untuk kontrakan-list‚Ä¶;1
RT @elisa_jkt: Upah minimum buruh tertinggi se Indonesia juga percuma, ketika:  15% habis untuk transportasi 40% habis untuk kontrakan-list‚Ä¶;0
RT @elisa_jkt: Upah minimum buruh tertinggi se Indonesia juga percuma, ketika:  15% habis untuk transportasi 40% habis untuk kontrakan-list‚Ä¶;0
Ini bener Buruh ya akan terus menuntut kenaikan upah karena kondisi tidak efisien Pemerintah selain membuat regulasi upah minimum mustinya juga menghadirkan ekosistem yg baik agar upah tersebut dapat meningkatkan kesejahteraan https://t.co/mpP3JEKMYj;1
RT @faridgaban: Menteri Tenaga Kerja Ida Fauziyah mengatakan tak layak buruh menuntut kenaikan upah karena upah minimum di Indonesia sudah‚Ä¶;1
RT @elisa_jkt: Upah minimum buruh tertinggi se Indonesia juga percuma, ketika:  15% habis untuk transportasi 40% habis untuk kontrakan-list‚Ä¶;1
@Its_fajrul @txtdrpemerintah Sebenarnya gini. Buruh bekerja di PT yang targetnya adalah mencari keuntungan yang sebesar-besarnya. Kalau tidak diatur upah minimum maka bisa dicurangi oleh pihak yang diuntungkan. Sedangkan guru bekerja di sekolah, yang tujuan utamanya adalah memberikan pendidikan. Potter gaji;1
RT @elisa_jkt: Upah minimum buruh tertinggi se Indonesia juga percuma, ketika:  15% habis untuk transportasi 40% habis untuk kontrakan-list‚Ä¶;1
RT @elisa_jkt: Upah minimum buruh tertinggi se Indonesia juga percuma, ketika:  15% habis untuk transportasi 40% habis untuk kontrakan-list‚Ä¶;1
@imasadsun @Fucksinnnnn @txtdrpemerintah Buruh = setiap orang yang bekerja dengan menerima upah atau imbalan dalam bentuk lain. Kok lari ke buruh kasar? https://t.co/wK2ByNAsMA;1
Coba dah orang-orang pemerintahan nih gajinya disamain sama buruh dan suruh mereka berjiwa besar buat nerima upah rendah. Menteri goblok! Enteng banget punya bacot. https://t.co/8XnaUEthPh;0
Lebih bagus lagi kalo pengupahannya juga baik. Artinya kalo upah buruh yg tinggi aja gabisa nyukupin hak dasar kaya makan dll. Berarti penetapan pengupahannya bermasalah bagi buruh dan jauh dari kata layak. https://t.co/twGgZCBwPI;1
Semoga Upah buruh di DIY segera mirip Singapura. https://t.co/StLhOrLpdd;1
@pakbandar Biarkan semesta bekerja mengalahkan upah harian buruh jawa üôèüôèüôè https://t.co/4uN55wLDdm;0
RT @elisa_jkt: Upah minimum buruh tertinggi se Indonesia juga percuma, ketika:  15% habis untuk transportasi 40% habis untuk kontrakan-list‚Ä¶;1
RT @elisa_jkt: Upah minimum buruh tertinggi se Indonesia juga percuma, ketika:  15% habis untuk transportasi 40% habis untuk kontrakan-list‚Ä¶;1
RT @elisa_jkt: Upah minimum buruh tertinggi se Indonesia juga percuma, ketika:  15% habis untuk transportasi 40% habis untuk kontrakan-list‚Ä¶;1
RT @elisa_jkt: Upah minimum buruh tertinggi se Indonesia juga percuma, ketika:  15% habis untuk transportasi 40% habis untuk kontrakan-list‚Ä¶;1
RT @elisa_jkt: Upah minimum buruh tertinggi se Indonesia juga percuma, ketika:  15% habis untuk transportasi 40% habis untuk kontrakan-list‚Ä¶;1
RT @elisa_jkt: Upah minimum buruh tertinggi se Indonesia juga percuma, ketika:  15% habis untuk transportasi 40% habis untuk kontrakan-list‚Ä¶;1
@idup050 @yudhamochn @txtdrpemerintah mungkin kenaikan upah akan bermanfaat jika tidak elastis. Artinya, kenaikan upah tdk memicu kenaikan harga secara eksponensial. Shg, buruh dg upah naik bisa saving lebih banyak.;1
@pelergoreng @TinggalanLondho @jeekss0 Nah ini menarik. Jika upah buruh naik, dan tarif gojek ikut naik, belum tentu ia mau mengeluarkan uang untuk naik gojek, bisa jadi memilih jalan kaki. Oleh karena itu kebijakan kenaikan upah memiliki dampak beruntun (multiple effect) pd sektor lain.;1
RT @mediaindonesia: Para buruh tersebut akan mendapat bantuan subsidi upah  sebesar Rp1 juta per bulan. Hanya saja, bantuan  hanya diperunt‚Ä¶;1
RT @elisa_jkt: Upah minimum buruh tertinggi se Indonesia juga percuma, ketika:  15% habis untuk transportasi 40% habis untuk kontrakan-list‚Ä¶;1
RT @elisa_jkt: Upah minimum buruh tertinggi se Indonesia juga percuma, ketika:  15% habis untuk transportasi 40% habis untuk kontrakan-list‚Ä¶;1
"@Surmi66990670 @ridwankamil ketika krisis dahsat th 1998  gusdur behasil membangkitkan ekonomi tnpa bansos &amp; sejenisnya gusdur menaik upah buruh hingga 300%   kebijakan gusdur behasil memutar ekonomi dgn cepat  krna daya beli  masyarakat buruh meningkat. melemahkan buruh sama dgn  memperlambat laju ekonomi";1
RT @elisa_jkt: Upah minimum buruh tertinggi se Indonesia juga percuma, ketika:  15% habis untuk transportasi 40% habis untuk kontrakan-list‚Ä¶;1
RT @elisa_jkt: Upah minimum buruh tertinggi se Indonesia juga percuma, ketika:  15% habis untuk transportasi 40% habis untuk kontrakan-list‚Ä¶;1
Para buruh tersebut akan mendapat bantuan subsidi upah  sebesar Rp1 juta per bulan. Hanya saja, bantuan  hanya diperuntukkan bagi para pekerja atau buruh yang terdaftar sebagia peserta BPJS  Ketenagakerjaan.  https://t.co/DGmcI1bIxT;1
@txtdrpemerintah Saya SANGAT BERHARAP gaji MPR/DPR PNS/ASN sama seperti upah Buruh tanpa tunjagan ini itu dan ringankan/hapus pajak ke rakyat.;1
RT @elisa_jkt: Upah minimum buruh tertinggi se Indonesia juga percuma, ketika:  15% habis untuk transportasi 40% habis untuk kontrakan-list‚Ä¶;1
@opinijeleks Ya emang bener gini sih, minta upah naik terus justru bakal ngebuat pengusaha pindah ke daerah yg ump rendah. Si buruh juga yg rugi karena kena layoff. Kadang gedeg juga pas liat demo buruh tapi pada pake ninja, mobil dll. Gaya hidup si buruh yg harus dikurangin sih.;1
@TinggalanLondho @jeekss0 Perusahaan inilah yg dirugikan ketika upah buruh naik, tapi harga sangat susah naik. Maka, keuntungan perusahaan akan menurun. Beda dg sektor lain yg fleksibel memainkan harga, mereka bisa saja diuntungkan.;1
@txtdrpemerintah sbtulnya yg harus diperjuangin itu pekerja honorer, kerja jaga toko yg upah dibawah umr, dan serabutan.....bukan buruh yg udh gaji standart UMP + bpjs + jaminan pesangon....;1
@TinggalanLondho @jeekss0 Tapi ada perusahaan sektor tertentu yang akan merugi, sebab harga yg ditentukan sangat rigid (sulit naik atau turun). Misalnya kebijakan upah buruh (semua sektor) naik. Maka perusahaan minyak, gas, listrik akan susah menaikkan tarif mereka sebab ada pengaturan harga brg publik.;1
RT @elisa_jkt: Upah minimum buruh tertinggi se Indonesia juga percuma, ketika:  15% habis untuk transportasi 40% habis untuk kontrakan-list‚Ä¶;1
RT @elisa_jkt: Upah minimum buruh tertinggi se Indonesia juga percuma, ketika:  15% habis untuk transportasi 40% habis untuk kontrakan-list‚Ä¶;1
@TinggalanLondho @jeekss0 Kenaikan upah tanpa kenaikan harga (biaya hidup) yg diuntungkan tentu buruh. Sebab, ia bisa saving lebih banyak. Lalu, ada hubungan kausalitas antara kenaikan upah dengan harga. Perlu diuji mana pengaruhnya yg lebih kuat. Apakah upah memengaruhi harga atau sebaliknya?;1
RT @elisa_jkt: Upah minimum buruh tertinggi se Indonesia juga percuma, ketika:  15% habis untuk transportasi 40% habis untuk kontrakan-list‚Ä¶;1
RT @elisa_jkt: Upah minimum buruh tertinggi se Indonesia juga percuma, ketika:  15% habis untuk transportasi 40% habis untuk kontrakan-list‚Ä¶;1
RT @elisa_jkt: Upah minimum buruh tertinggi se Indonesia juga percuma, ketika:  15% habis untuk transportasi 40% habis untuk kontrakan-list‚Ä¶;1
RT @elisa_jkt: Upah minimum buruh tertinggi se Indonesia juga percuma, ketika:  15% habis untuk transportasi 40% habis untuk kontrakan-list‚Ä¶;1
RT @elisa_jkt: Upah minimum buruh tertinggi se Indonesia juga percuma, ketika:  15% habis untuk transportasi 40% habis untuk kontrakan-list‚Ä¶;1
RT @_Kemuning_senja: Fix jadi jongos d negeri sendiri. Akibat para penguasa, para birokrat bara dewan, gak ada yg memperjuangkan rakyat kel‚Ä¶;0
"@Mythicalforest tuntutan buruh selama ini yg w tauu itu ""kelayakan upah"" bukan upah tinggi, tolong ya ministrii";1
RT @elisa_jkt: Upah minimum buruh tertinggi se Indonesia juga percuma, ketika:  15% habis untuk transportasi 40% habis untuk kontrakan-list‚Ä¶;1
@badutliarz @txtdrpemerintah yg membayar upah buruh, kan, perusahaan tempat mereka bekerja (yg mana itu perusahaan swasta), semua upah pekerja jadi tanggung jawab pengelola perusahaan tsb.   terkecuali mereka bekerja di bawah perusahaan bumn, yg kontrolnya langsung dibawahi pemerintah.;1
RT @elisa_jkt: Upah minimum buruh tertinggi se Indonesia juga percuma, ketika:  15% habis untuk transportasi 40% habis untuk kontrakan-list‚Ä¶;1
RT @elisa_jkt: Upah minimum buruh tertinggi se Indonesia juga percuma, ketika:  15% habis untuk transportasi 40% habis untuk kontrakan-list‚Ä¶;1
RT @elisa_jkt: Upah minimum buruh tertinggi se Indonesia juga percuma, ketika:  15% habis untuk transportasi 40% habis untuk kontrakan-list‚Ä¶;1
RT @elisa_jkt: Upah minimum buruh tertinggi se Indonesia juga percuma, ketika:  15% habis untuk transportasi 40% habis untuk kontrakan-list‚Ä¶;1
RT @elisa_jkt: Upah minimum buruh tertinggi se Indonesia juga percuma, ketika:  15% habis untuk transportasi 40% habis untuk kontrakan-list‚Ä¶;1
RT @elisa_jkt: Upah minimum buruh tertinggi se Indonesia juga percuma, ketika:  15% habis untuk transportasi 40% habis untuk kontrakan-list‚Ä¶;1
RT @elisa_jkt: Upah minimum buruh tertinggi se Indonesia juga percuma, ketika:  15% habis untuk transportasi 40% habis untuk kontrakan-list‚Ä¶;1
RT @elisa_jkt: Upah minimum buruh tertinggi se Indonesia juga percuma, ketika:  15% habis untuk transportasi 40% habis untuk kontrakan-list‚Ä¶;1
RT @elisa_jkt: Upah minimum buruh tertinggi se Indonesia juga percuma, ketika:  15% habis untuk transportasi 40% habis untuk kontrakan-list‚Ä¶;1
RT @elisa_jkt: Upah minimum buruh tertinggi se Indonesia juga percuma, ketika:  15% habis untuk transportasi 40% habis untuk kontrakan-list‚Ä¶;1
RT @elisa_jkt: Upah minimum buruh tertinggi se Indonesia juga percuma, ketika:  15% habis untuk transportasi 40% habis untuk kontrakan-list‚Ä¶;1
RT @elisa_jkt: Upah minimum buruh tertinggi se Indonesia juga percuma, ketika:  15% habis untuk transportasi 40% habis untuk kontrakan-list‚Ä¶;1
RT @mkusumawijaya: Karena itu (lihat tweet2 sebelum ini) saya tidak melihat istimewa bhw Jakarta mudah menaikkan upah buruh. Buruh perlu le‚Ä¶;1
RT @mkusumawijaya: Bagi Jakarta, tutup/pindahnya pabrik ke luar, krn upah lebih tinggi, tidak merugikan, krn ekonomi-nya makin tidak tergan‚Ä¶;1
RT @mkusumawijaya: Buruh neo-liberalis: tiap tahun cuma menuntut kebaikan upah doang. Buruh kiri: tuntut hunian layak dekat pabrik, fasilit‚Ä¶;1
RT @mkusumawijaya: Politik buruh yg hanya fokus pada kenaikan upah itu berarti hanya menari ikuti genderang neoliberalisme. Tidak progresif‚Ä¶;0
RT @elisa_jkt: Upah minimum buruh tertinggi se Indonesia juga percuma, ketika:  15% habis untuk transportasi 40% habis untuk kontrakan-list‚Ä¶;1
RT @elisa_jkt: Upah minimum buruh tertinggi se Indonesia juga percuma, ketika:  15% habis untuk transportasi 40% habis untuk kontrakan-list‚Ä¶;1
RT @elisa_jkt: Upah minimum buruh tertinggi se Indonesia juga percuma, ketika:  15% habis untuk transportasi 40% habis untuk kontrakan-list‚Ä¶;1
Tolak upah murah, gugat pemerintah tentang perhitungan UMK   https://t.co/rtp3osrANm;1
RT @elisa_jkt: Upah minimum buruh tertinggi se Indonesia juga percuma, ketika:  15% habis untuk transportasi 40% habis untuk kontrakan-list‚Ä¶;1
RT @elisa_jkt: Upah minimum buruh tertinggi se Indonesia juga percuma, ketika:  15% habis untuk transportasi 40% habis untuk kontrakan-list‚Ä¶;1
RT @elisa_jkt: Upah minimum buruh tertinggi se Indonesia juga percuma, ketika:  15% habis untuk transportasi 40% habis untuk kontrakan-list‚Ä¶;1
Dia mengatakan UMK hanya berlaku untuk pekerja dengan masa kerja di bawah setahun. Adapun buruh di atas setahun melalui penghitungan struktur dan skala upah.   #PDIPerjuangan #SolidBergerak;1
RT @elisa_jkt: Upah minimum buruh tertinggi se Indonesia juga percuma, ketika:  15% habis untuk transportasi 40% habis untuk kontrakan-list‚Ä¶;1
@CNNIndonesia Bagaimana dengan mereka? https://t.co/e1ntGcRmQH;1
RT @007koteka_: +++ Dalam surat Keputusan tersebut terlampir daftar UMK tahun 2022 untuk 35 Kabupaten/Kota di Jawa Tengah  Upah minimum han‚Ä¶;1
RT @elisa_jkt: Upah minimum buruh tertinggi se Indonesia juga percuma, ketika:  15% habis untuk transportasi 40% habis untuk kontrakan-list‚Ä¶;1
RT @elisa_jkt: Upah minimum buruh tertinggi se Indonesia juga percuma, ketika:  15% habis untuk transportasi 40% habis untuk kontrakan-list‚Ä¶;1
RT @elisa_jkt: Upah minimum buruh tertinggi se Indonesia juga percuma, ketika:  15% habis untuk transportasi 40% habis untuk kontrakan-list‚Ä¶;1
RT @elisa_jkt: Upah minimum buruh tertinggi se Indonesia juga percuma, ketika:  15% habis untuk transportasi 40% habis untuk kontrakan-list‚Ä¶;1
kr! Kmarin aku ikut demo buruh utk upah naik. Tapi pas buka medsos, ko orang2 pada nyinyirin, ga bersyukur lah,banyak protes:(   Aku jd penasaran, klo yg kerja kantoran, startup, e-commerce dll itu udh dapet upah cukup? Atau sesuai UMR?  Klo emang belum kenapa malah (cont);1
‚ÄúBuruh harus berjiwa besar Tak tuntut upah tinggi‚Äù -ucap seorang menteri sembari  menuju ke mobil dinasnya toyota crown- https://t.co/wDPdjoiXDX;0
RT @elisa_jkt: Upah minimum buruh tertinggi se Indonesia juga percuma, ketika:  15% habis untuk transportasi 40% habis untuk kontrakan-list‚Ä¶;1
"RT @Padhill8: Said Iqbal : ""KSPI meminta kepada seluruh gubernur di Indonesia, bupati wali kota, dalam menetapkan upah minimum, baik UMP at‚Ä¶";1
RT @elisa_jkt: Upah minimum buruh tertinggi se Indonesia juga percuma, ketika:  15% habis untuk transportasi 40% habis untuk kontrakan-list‚Ä¶;1
RT @elisa_jkt: Upah minimum buruh tertinggi se Indonesia juga percuma, ketika:  15% habis untuk transportasi 40% habis untuk kontrakan-list‚Ä¶;1
RT @elisa_jkt: Upah minimum buruh tertinggi se Indonesia juga percuma, ketika:  15% habis untuk transportasi 40% habis untuk kontrakan-list‚Ä¶;0
RT @CorruptMustDIE: Negeri tirani  Presiden = King of Lip Service Menaker = intimidasi upah buruh MenLHK = merusak bumi Menmarves - MenBUMN‚Ä¶;0
RT @elisa_jkt: Upah minimum buruh tertinggi se Indonesia juga percuma, ketika:  15% habis untuk transportasi 40% habis untuk kontrakan-list‚Ä¶;1
Dinas Tenaga Kerja (Disnaker) Palas mengusulkan kenaikan Upah Minimum Kabupaten (UMK) Palas tahun 2022 mendatang sebesar Rp. 2.758.828.  https://t.co/gbuqkeX54s;1
@hampa80 @QaillaAsyiqah Ngasih tau yg mana udah sebutin ni apa tujuan dari reuni.klo buruh kan minta naik upah itu jga bukan reuni tapi demo ada ijinnya;0
RT @elisa_jkt: Upah minimum buruh tertinggi se Indonesia juga percuma, ketika:  15% habis untuk transportasi 40% habis untuk kontrakan-list‚Ä¶;1
@yudhamochn @txtdrpemerintah Secara ekonomi makro tidak bs dihentikan, namum bs diperlambat, yaitu kenaikan upah menggunakan gdp growth riil = (gdp growth nominal - rate inflasi). Anehnya buruh minta kenaikan dgn formulasi = gdp growth nominal + inflasi + penambahan lainnya. Yg ada malah bikin hiper inflasi;1
RT @golan_five98: Entah lah lulusan S7 Mamarika begini ? Minta ubah PP 36/2021 untuk buruh #DKIJakarta ke Kemnaker üòÇ   Bro kewenangan Kemna‚Ä¶;0
RT @elisa_jkt: Upah minimum buruh tertinggi se Indonesia juga percuma, ketika:  15% habis untuk transportasi 40% habis untuk kontrakan-list‚Ä¶;1
RT @elisa_jkt: Upah minimum buruh tertinggi se Indonesia juga percuma, ketika:  15% habis untuk transportasi 40% habis untuk kontrakan-list‚Ä¶;1
RT @elisa_jkt: Upah minimum buruh tertinggi se Indonesia juga percuma, ketika:  15% habis untuk transportasi 40% habis untuk kontrakan-list‚Ä¶;1
RT @elisa_jkt: Upah minimum buruh tertinggi se Indonesia juga percuma, ketika:  15% habis untuk transportasi 40% habis untuk kontrakan-list‚Ä¶;1
Upah buruh mulu, guru honorer kek sekali kali üòè;1
RT @QaillaAsyiqah: Tolak Upah Murah, Buruh Bersatu ‚úäüèªüáÆüá© (Gedung Sate, Bandung 29/Nov/2021) https://t.co/VVHituLpFH;1
Buruh gak akan nuntut upah tinggi kalo biaya kebutuhan sehari2 gak naik pak! https://t.co/0Mk8UYk4lk;0
"@txtdrpemerintah karena kelompok perusahaan begini yang paling kurang atau bahkan ga mampu ngadepin keadaan kalo terjadi peningkatan struktur biaya di perusahaannya, yg mana itu soal biaya untuk upah buruh/pekerjanya.";1
"@txtdrpemerintah Klo di dunia paralel beritanya jadi ""Buruh Ajak Mentri Berjiwa Besar Tak Tuntut Upah Tinggi""";1
RT @elisa_jkt: Upah minimum buruh tertinggi se Indonesia juga percuma, ketika:  15% habis untuk transportasi 40% habis untuk kontrakan-list‚Ä¶;0
RT @elisa_jkt: Upah minimum buruh tertinggi se Indonesia juga percuma, ketika:  15% habis untuk transportasi 40% habis untuk kontrakan-list‚Ä¶;1
RT @elisa_jkt: Upah minimum buruh tertinggi se Indonesia juga percuma, ketika:  15% habis untuk transportasi 40% habis untuk kontrakan-list‚Ä¶;0
RT @elisa_jkt: Upah minimum buruh tertinggi se Indonesia juga percuma, ketika:  15% habis untuk transportasi 40% habis untuk kontrakan-list‚Ä¶;1
RT @elisa_jkt: Upah minimum buruh tertinggi se Indonesia juga percuma, ketika:  15% habis untuk transportasi 40% habis untuk kontrakan-list‚Ä¶;0
RT @elisa_jkt: Upah minimum buruh tertinggi se Indonesia juga percuma, ketika:  15% habis untuk transportasi 40% habis untuk kontrakan-list‚Ä¶;1
RT @elisa_jkt: Upah minimum buruh tertinggi se Indonesia juga percuma, ketika:  15% habis untuk transportasi 40% habis untuk kontrakan-list‚Ä¶;1
RT @elisa_jkt: Upah minimum buruh tertinggi se Indonesia juga percuma, ketika:  15% habis untuk transportasi 40% habis untuk kontrakan-list‚Ä¶;1
RT @CNNIndonesia: Bahlil Ajak Buruh Berjiwa Besar Tak Tuntut Upah Tinggi https://t.co/cYYqqE6mxK;1
RT @elisa_jkt: Upah minimum buruh tertinggi se Indonesia juga percuma, ketika:  15% habis untuk transportasi 40% habis untuk kontrakan-list‚Ä¶;1
RT @elisa_jkt: Upah minimum buruh tertinggi se Indonesia juga percuma, ketika:  15% habis untuk transportasi 40% habis untuk kontrakan-list‚Ä¶;1
RT @elisa_jkt: Upah minimum buruh tertinggi se Indonesia juga percuma, ketika:  15% habis untuk transportasi 40% habis untuk kontrakan-list‚Ä¶;1
RT @elisa_jkt: Upah minimum buruh tertinggi se Indonesia juga percuma, ketika:  15% habis untuk transportasi 40% habis untuk kontrakan-list‚Ä¶;1
RT @CNNIndonesia: Bahlil Ajak Buruh Berjiwa Besar Tak Tuntut Upah Tinggi https://t.co/cYYqqE6mxK;1
RT @elisa_jkt: Upah minimum buruh tertinggi se Indonesia juga percuma, ketika:  15% habis untuk transportasi 40% habis untuk kontrakan-list‚Ä¶;1
RT @elisa_jkt: Upah minimum buruh tertinggi se Indonesia juga percuma, ketika:  15% habis untuk transportasi 40% habis untuk kontrakan-list‚Ä¶;1
RT @elisa_jkt: Upah minimum buruh tertinggi se Indonesia juga percuma, ketika:  15% habis untuk transportasi 40% habis untuk kontrakan-list‚Ä¶;1
RT @elisa_jkt: Upah minimum buruh tertinggi se Indonesia juga percuma, ketika:  15% habis untuk transportasi 40% habis untuk kontrakan-list‚Ä¶;1
RT @elisa_jkt: Upah minimum buruh tertinggi se Indonesia juga percuma, ketika:  15% habis untuk transportasi 40% habis untuk kontrakan-list‚Ä¶;1
RT @elisa_jkt: Upah minimum buruh tertinggi se Indonesia juga percuma, ketika:  15% habis untuk transportasi 40% habis untuk kontrakan-list‚Ä¶;1
RT @elisa_jkt: Upah minimum buruh tertinggi se Indonesia juga percuma, ketika:  15% habis untuk transportasi 40% habis untuk kontrakan-list‚Ä¶;1
RT @CNNIndonesia: Bahlil Ajak Buruh Berjiwa Besar Tak Tuntut Upah Tinggi https://t.co/cYYqqE6mxK;1
RT @elisa_jkt: Upah minimum buruh tertinggi se Indonesia juga percuma, ketika:  15% habis untuk transportasi 40% habis untuk kontrakan-list‚Ä¶;1
RT @elisa_jkt: Upah minimum buruh tertinggi se Indonesia juga percuma, ketika:  15% habis untuk transportasi 40% habis untuk kontrakan-list‚Ä¶;1
RT @elisa_jkt: Upah minimum buruh tertinggi se Indonesia juga percuma, ketika:  15% habis untuk transportasi 40% habis untuk kontrakan-list‚Ä¶;1
RT @elisa_jkt: Upah minimum buruh tertinggi se Indonesia juga percuma, ketika:  15% habis untuk transportasi 40% habis untuk kontrakan-list‚Ä¶;1
RT @elisa_jkt: Upah minimum buruh tertinggi se Indonesia juga percuma, ketika:  15% habis untuk transportasi 40% habis untuk kontrakan-list‚Ä¶;1
RT @elisa_jkt: Upah minimum buruh tertinggi se Indonesia juga percuma, ketika:  15% habis untuk transportasi 40% habis untuk kontrakan-list‚Ä¶;1
RT @Nong_Dewintha: Aksi Menolak Upah Murah ~ Ribuan buruh menjebol pagar Kantor Gubernur Banten (KP3B), (30/Nov/2021) https://t.co/IsDHkw5M‚Ä¶;1
Aksi Menolak Upah Murah ~ Ribuan buruh menjebol pagar Kantor Gubernur Banten (KP3B), (30/Nov/2021) https://t.co/IsDHkw5Mri;1
RT @elisa_jkt: Upah minimum buruh tertinggi se Indonesia juga percuma, ketika:  15% habis untuk transportasi 40% habis untuk kontrakan-list‚Ä¶;1
RT @elisa_jkt: Upah minimum buruh tertinggi se Indonesia juga percuma, ketika:  15% habis untuk transportasi 40% habis untuk kontrakan-list‚Ä¶;1
RT @elisa_jkt: Upah minimum buruh tertinggi se Indonesia juga percuma, ketika:  15% habis untuk transportasi 40% habis untuk kontrakan-list‚Ä¶;1
RT @elisa_jkt: Upah minimum buruh tertinggi se Indonesia juga percuma, ketika:  15% habis untuk transportasi 40% habis untuk kontrakan-list‚Ä¶;1
RT @elisa_jkt: Upah minimum buruh tertinggi se Indonesia juga percuma, ketika:  15% habis untuk transportasi 40% habis untuk kontrakan-list‚Ä¶;1
RT @elisa_jkt: Upah minimum buruh tertinggi se Indonesia juga percuma, ketika:  15% habis untuk transportasi 40% habis untuk kontrakan-list‚Ä¶;1
RT @elisa_jkt: Upah minimum buruh tertinggi se Indonesia juga percuma, ketika:  15% habis untuk transportasi 40% habis untuk kontrakan-list‚Ä¶;1
RT @elisa_jkt: Upah minimum buruh tertinggi se Indonesia juga percuma, ketika:  15% habis untuk transportasi 40% habis untuk kontrakan-list‚Ä¶;1
RT @elisa_jkt: Upah minimum buruh tertinggi se Indonesia juga percuma, ketika:  15% habis untuk transportasi 40% habis untuk kontrakan-list‚Ä¶;1
RT @iniakuitiss: Catet ya bahwa UMK hanya berlaku untuk pekerja dengan masa kerja di bawah setahun. Adapun buruh di atas setahun melalui pe‚Ä¶;1
RT @elisa_jkt: Upah minimum buruh tertinggi se Indonesia juga percuma, ketika:  15% habis untuk transportasi 40% habis untuk kontrakan-list‚Ä¶;1
RT @elisa_jkt: Upah minimum buruh tertinggi se Indonesia juga percuma, ketika:  15% habis untuk transportasi 40% habis untuk kontrakan-list‚Ä¶;1
RT @elisa_jkt: Upah minimum buruh tertinggi se Indonesia juga percuma, ketika:  15% habis untuk transportasi 40% habis untuk kontrakan-list‚Ä¶;1
RT @elisa_jkt: Upah minimum buruh tertinggi se Indonesia juga percuma, ketika:  15% habis untuk transportasi 40% habis untuk kontrakan-list‚Ä¶;1
@txtdrpemerintah Maap pak saya buruh jiwa kecil makanya tuntut terus upah tinggi;0
Menteri Bahlil Minta Buruh berjiwa Besar Soal Upah: Kasihan Pengusaha https://t.co/BLOn26CaMn;1
"Orang-orang yang bilang ""gaji besar tanggung jawab besar"". kebanyakan membayangkan bahwa tanggung jawab itu seputar pengelolaan manusia, modal, dan resiko investasi. Sementara Buruh di pabrik, bertaruh nyawa dengan jam kerja panjang, lingkungan yang eksploitatif dan upah minim.";1
RT @elisa_jkt: Upah minimum buruh tertinggi se Indonesia juga percuma, ketika:  15% habis untuk transportasi 40% habis untuk kontrakan-list‚Ä¶;1
Masyarakat ajak bahlil berjiwa besar tak tuntut digaji besar dipakai sendiri, mari di bagi bagi untuk buruh yg memiliki upah kecil https://t.co/QFeDwtE4Ox;1
RT @elisa_jkt: Upah minimum buruh tertinggi se Indonesia juga percuma, ketika:  15% habis untuk transportasi 40% habis untuk kontrakan-list‚Ä¶;0
@FBR_official karena buruh tuntutannya jelas, simple, dan gak ada gerakan yang sifatnya bawah tanah/underground/shadow. entah itu propaganda, dokma, atau yang lainnya. mereka hanya ingin upah naik. tidak ada urusan soal politisasi.;1
62 Ribu Buruh di Sulsel Kembali dapat Bantuan Subsidi Upah  https://t.co/SLiljIFXvP;0
RT @elisa_jkt: Upah minimum buruh tertinggi se Indonesia juga percuma, ketika:  15% habis untuk transportasi 40% habis untuk kontrakan-list‚Ä¶;1
Aku kalo pak JK yg udah ngomong, percaya lah. Berarti bu Menaker mesti mengkaji ulang upah buruh yg katanya paling tinggi di Asia,yg nyatanya ada negara yg lebih tinggiiii.. https://t.co/USZ3GhGiOQ;1
RT @elisa_jkt: Upah minimum buruh tertinggi se Indonesia juga percuma, ketika:  15% habis untuk transportasi 40% habis untuk kontrakan-list‚Ä¶;1
RT @elisa_jkt: Upah minimum buruh tertinggi se Indonesia juga percuma, ketika:  15% habis untuk transportasi 40% habis untuk kontrakan-list‚Ä¶;1
RT @txtdrpemerintah: https://t.co/VC48pFbdRt;1
RT @elisa_jkt: Upah minimum buruh tertinggi se Indonesia juga percuma, ketika:  15% habis untuk transportasi 40% habis untuk kontrakan-list‚Ä¶;1
RT @elisa_jkt: Upah minimum buruh tertinggi se Indonesia juga percuma, ketika:  15% habis untuk transportasi 40% habis untuk kontrakan-list‚Ä¶;1
@jokowi Pak tolong dong upah buruh;1
RT @elisa_jkt: Upah minimum buruh tertinggi se Indonesia juga percuma, ketika:  15% habis untuk transportasi 40% habis untuk kontrakan-list‚Ä¶;1
RT @elisa_jkt: Upah minimum buruh tertinggi se Indonesia juga percuma, ketika:  15% habis untuk transportasi 40% habis untuk kontrakan-list‚Ä¶;1
Kesejahteraan buruh seharusnya adalah tugas  yg penting dan utama bagi perusahaan sebab buruh itu syarat bagi keberlangsungan produksi yg menghidupkan perusahaan. Jadi masalah keterpurukan anggaran perusahaan juga adalah hal yg lain lagi jangan dicampur adukan dengan upah buruh.. https://t.co/VFXfK3RinY;1
RT @elisa_jkt: Upah minimum buruh tertinggi se Indonesia juga percuma, ketika:  15% habis untuk transportasi 40% habis untuk kontrakan-list‚Ä¶;1
RT @elisa_jkt: Upah minimum buruh tertinggi se Indonesia juga percuma, ketika:  15% habis untuk transportasi 40% habis untuk kontrakan-list‚Ä¶;1
RT @elisa_jkt: Upah minimum buruh tertinggi se Indonesia juga percuma, ketika:  15% habis untuk transportasi 40% habis untuk kontrakan-list‚Ä¶;1
"Negeri tirani  Presiden = King of Lip Service Menaker = intimidasi upah buruh MenLHK = merusak bumi Menmarves - MenBUMN = Bandar wabah Mendiknas = merusak moral Menag = merusak aqidah Buzrp &amp; komisaris = ahli maksiat KSAD = menurunkan baliho Mensos = merusak difabel Dll https://t.co/CScPd8WzTO";0
RT @03__nakula: Salah satu kelebihan pak @ganjarpranowo adalah komunikatif. Sebelum mengesahkan UMK di Jawa tengah beliau terlebih dulu men‚Ä¶;0
Buruh disuruh jangan nuntut upah tinggi? Giliran anggaran menurun malah protes. Belom lagi kalo dinas keluar kota selalu minta sppd. Itu juga kegiatan paling juga gak sampe seharian, sisanya jalan jalan. Gaji utuh, tunjangan utuh, enak banget jalan dan jajan pake anggaranüòÇ;1
RT @elisa_jkt: Upah minimum buruh tertinggi se Indonesia juga percuma, ketika:  15% habis untuk transportasi 40% habis untuk kontrakan-list‚Ä¶;0
RT @elisa_jkt: Upah minimum buruh tertinggi se Indonesia juga percuma, ketika:  15% habis untuk transportasi 40% habis untuk kontrakan-list‚Ä¶;1
RT @elisa_jkt: Upah minimum buruh tertinggi se Indonesia juga percuma, ketika:  15% habis untuk transportasi 40% habis untuk kontrakan-list‚Ä¶;0
RT @elisa_jkt: Upah minimum buruh tertinggi se Indonesia juga percuma, ketika:  15% habis untuk transportasi 40% habis untuk kontrakan-list‚Ä¶;1
RT @elisa_jkt: Upah minimum buruh tertinggi se Indonesia juga percuma, ketika:  15% habis untuk transportasi 40% habis untuk kontrakan-list‚Ä¶;0
RT @elisa_jkt: Upah minimum buruh tertinggi se Indonesia juga percuma, ketika:  15% habis untuk transportasi 40% habis untuk kontrakan-list‚Ä¶;0
RT @elisa_jkt: Upah minimum buruh tertinggi se Indonesia juga percuma, ketika:  15% habis untuk transportasi 40% habis untuk kontrakan-list‚Ä¶;1
RT @elisa_jkt: Upah minimum buruh tertinggi se Indonesia juga percuma, ketika:  15% habis untuk transportasi 40% habis untuk kontrakan-list‚Ä¶;1
RT @elisa_jkt: Upah minimum buruh tertinggi se Indonesia juga percuma, ketika:  15% habis untuk transportasi 40% habis untuk kontrakan-list‚Ä¶;0
@txtdrpemerintah Ya mikir lah, buruh minta kenaikan upah karna biaya hidup jg makin naik;1
Ribuan Buruh Pabrik di Sukabumi Keluar untuk Ikut Aksi soal Upah  https://t.co/TsVrJVtP8n;1
RT @elisa_jkt: Upah minimum buruh tertinggi se Indonesia juga percuma, ketika:  15% habis untuk transportasi 40% habis untuk kontrakan-list‚Ä¶;0
Soal UMP, Buruh Diminta Berjiwa Besar https://t.co/hDxUNRzW3Q #Buruh #Upah #berita #nusabali #UMP #MenteriBKPM #UMR;1
RT @007koteka_: +++ Dalam surat Keputusan tersebut terlampir daftar UMK tahun 2022 untuk 35 Kabupaten/Kota di Jawa Tengah  Upah minimum han‚Ä¶;0
"""Naik atau turun setiap tiga bulan disesuaikan dengan setidaknya tiga faktor yakni nilai tukar (kurs), harga minyak mentah (ICP), dan inflasi"" tp klo pemerintah mau naikkan gaji ASN nya atau upah buruh malah tdk memperhitungkan inflasi. DASAR KONYOL.  https://t.co/3Nt7XZR1mY";1
RT @elisa_jkt: Upah minimum buruh tertinggi se Indonesia juga percuma, ketika:  15% habis untuk transportasi 40% habis untuk kontrakan-list‚Ä¶;0
RT @elisa_jkt: Upah minimum buruh tertinggi se Indonesia juga percuma, ketika:  15% habis untuk transportasi 40% habis untuk kontrakan-list‚Ä¶;0
+++ Dalam surat Keputusan tersebut terlampir daftar UMK tahun 2022 untuk 35 Kabupaten/Kota di Jawa Tengah  Upah minimum hanya berlaku bagi buruh atau pekerja yang memiliki masa kerja kurang dari satu tahun pada perusahaan yang bersangkutan  #SahabatGanjar https://t.co/249qmscd53;0
RT @elisa_jkt: Upah minimum buruh tertinggi se Indonesia juga percuma, ketika:  15% habis untuk transportasi 40% habis untuk kontrakan-list‚Ä¶;1
Buruh nuntuk upah layak itu hak dan dijamin konstitusi. Kalau ada pengusaha yang bilang kalau Serikat Buruh itu wabah ya otaknya berarti sampah, digeplak aja mukanya pake Undang2 tentang Ketenagakerjaan sama UU ttg serikat pekerja/buruh;1
RT @elisa_jkt: Upah minimum buruh tertinggi se Indonesia juga percuma, ketika:  15% habis untuk transportasi 40% habis untuk kontrakan-list‚Ä¶;0
3 Kabupaten Tak Naik Upah, Buruh Banten Berkabung....  Aliansi Buruh Banten Bersatu Siap Melakukan Pemogokan https://t.co/2sJHbJCWxz;1
RT @elisa_jkt: Upah minimum buruh tertinggi se Indonesia juga percuma, ketika:  15% habis untuk transportasi 40% habis untuk kontrakan-list‚Ä¶;1
RT @elisa_jkt: Upah minimum buruh tertinggi se Indonesia juga percuma, ketika:  15% habis untuk transportasi 40% habis untuk kontrakan-list‚Ä¶;0
RT @elisa_jkt: Upah minimum buruh tertinggi se Indonesia juga percuma, ketika:  15% habis untuk transportasi 40% habis untuk kontrakan-list‚Ä¶;0
MenLHK menebang pohon demi pembangunan. Menaker upah buruh terlalu tinggi. Mensos ga paham soal-soal disabilitas.;0
RT @elisa_jkt: Upah minimum buruh tertinggi se Indonesia juga percuma, ketika:  15% habis untuk transportasi 40% habis untuk kontrakan-list‚Ä¶;1
RT @elisa_jkt: Upah minimum buruh tertinggi se Indonesia juga percuma, ketika:  15% habis untuk transportasi 40% habis untuk kontrakan-list‚Ä¶;0
RT @elisa_jkt: Upah minimum buruh tertinggi se Indonesia juga percuma, ketika:  15% habis untuk transportasi 40% habis untuk kontrakan-list‚Ä¶;1
@hrdbacot Dibanding tuntut upah gede lebih baik fokus meratakan setiap buruh buat dpt gaji UMR deh‚Ä¶ kalau memang solidaritas yaa‚Ä¶ soalnya masih banyak orang orang kerja di bawah UMR;1
RT @CNNIndonesia: Bahlil Ajak Buruh Berjiwa Besar Tak Tuntut Upah Tinggi https://t.co/cYYqqE6mxK;1
RT @elisa_jkt: Upah minimum buruh tertinggi se Indonesia juga percuma, ketika:  15% habis untuk transportasi 40% habis untuk kontrakan-list‚Ä¶;1
RT @elisa_jkt: Upah minimum buruh tertinggi se Indonesia juga percuma, ketika:  15% habis untuk transportasi 40% habis untuk kontrakan-list‚Ä¶;1
RT @elisa_jkt: Upah minimum buruh tertinggi se Indonesia juga percuma, ketika:  15% habis untuk transportasi 40% habis untuk kontrakan-list‚Ä¶;1
RT @elisa_jkt: Upah minimum buruh tertinggi se Indonesia juga percuma, ketika:  15% habis untuk transportasi 40% habis untuk kontrakan-list‚Ä¶;0
RT @elisa_jkt: Upah minimum buruh tertinggi se Indonesia juga percuma, ketika:  15% habis untuk transportasi 40% habis untuk kontrakan-list‚Ä¶;1
RT @CNNIndonesia: Bahlil Ajak Buruh Berjiwa Besar Tak Tuntut Upah Tinggi https://t.co/cYYqqE6mxK;1
@bewoking Teroris KKBOPM di rangkul Buruh demo kenaikan upah di rangkul Umat Islam dan Ulama2nya reuni dipukul Rezim islamophobia... @FPKSDPRRI @Fraksi_PAN @fraksigolkar @FPD_DPR @Fraksi_Gerindra  @FraksiPKB @MUIPusat @muhammadiyah @korantempo @kabarpolitik https://t.co/Zufb8jLLjY.;0
Ditanya Soal Upah oleh Buruh, Ridwan Kamil Ungkap Hal ini https://t.co/IGElxHjpNo #RidwanKamil #KangEmil;0
@sbyfess Semakin makmur buruh, semakin makmur pula kehidupan sekitarnya, pedagang kecil, petani, bisnis kos menggeliat, itu karna upah buruh cukup untuk menutup kebutuhan dasar yg sedikit lebih layak.;1
RT @elisa_jkt: Upah minimum buruh tertinggi se Indonesia juga percuma, ketika:  15% habis untuk transportasi 40% habis untuk kontrakan-list‚Ä¶;1
@sbyfess Upah tinggi opoe seh, upah segitu standar dan termasuk rendah kalo indikator e upah minimum global, tau gak kalo upah kita naik itu yang makmur siapa? Ya masyarakat keseluruhan.. Bakul panganan, Bakul kelontong, bakulan nang pasar siapa yg beli dagangan mereka kalo ga buruh;1
RT @elisa_jkt: Upah minimum buruh tertinggi se Indonesia juga percuma, ketika:  15% habis untuk transportasi 40% habis untuk kontrakan-list‚Ä¶;0
RT @iniakuitiss: Catet ya bahwa UMK hanya berlaku untuk pekerja dengan masa kerja di bawah setahun. Adapun buruh di atas setahun melalui pe‚Ä¶;0
RT @elisa_jkt: Upah minimum buruh tertinggi se Indonesia juga percuma, ketika:  15% habis untuk transportasi 40% habis untuk kontrakan-list‚Ä¶;1
RT @CNNIndonesia: Bahlil Ajak Buruh Berjiwa Besar Tak Tuntut Upah Tinggi https://t.co/cYYqqE6mxK;0
RT @elisa_jkt: Upah minimum buruh tertinggi se Indonesia juga percuma, ketika:  15% habis untuk transportasi 40% habis untuk kontrakan-list‚Ä¶;1
RT @CNNIndonesia: Bahlil Ajak Buruh Berjiwa Besar Tak Tuntut Upah Tinggi https://t.co/cYYqqE6mxK;0
RT @elisa_jkt: Upah minimum buruh tertinggi se Indonesia juga percuma, ketika:  15% habis untuk transportasi 40% habis untuk kontrakan-list‚Ä¶;1
@CNNIndonesia Lil bahlil, buruh cuman menuntut upah yg layak dan kenaikan yg wajar..Anda harus berjiwa besar mendengarkan mereka... GJ;1
RT @elisa_jkt: Upah minimum buruh tertinggi se Indonesia juga percuma, ketika:  15% habis untuk transportasi 40% habis untuk kontrakan-list‚Ä¶;1
@derangedtankie @brigittasiw Betul, banyak yg dirumahkan tapi gak dikasih pesangon. Miris tiap kali demo buruh menuntut upah layak selalu dianggap buruh gak pernah bersyukur. Mana yg ngatain sama2 yg tiap tahun dapet THR. Ini mereka ngerti gak sih kalo THR yg mereka dpt hasil tuntutan buruh tuh.;0
RT @elisa_jkt: Upah minimum buruh tertinggi se Indonesia juga percuma, ketika:  15% habis untuk transportasi 40% habis untuk kontrakan-list‚Ä¶;0
Tapi kenaikan upah buruh ini dipotongnya dari tunjangan antum, mau nggak? Jadi tunjangan antum dipotong juga sekian persen. Gimana? https://t.co/ocpLMBeduI;0
RT @elisa_jkt: Upah minimum buruh tertinggi se Indonesia juga percuma, ketika:  15% habis untuk transportasi 40% habis untuk kontrakan-list‚Ä¶;0
RT @elisa_jkt: Upah minimum buruh tertinggi se Indonesia juga percuma, ketika:  15% habis untuk transportasi 40% habis untuk kontrakan-list‚Ä¶;1
RT @CNNIndonesia: Bahlil Ajak Buruh Berjiwa Besar Tak Tuntut Upah Tinggi https://t.co/cYYqqE6mxK;0
RT @elisa_jkt: Upah minimum buruh tertinggi se Indonesia juga percuma, ketika:  15% habis untuk transportasi 40% habis untuk kontrakan-list‚Ä¶;0
RT @elisa_jkt: Upah minimum buruh tertinggi se Indonesia juga percuma, ketika:  15% habis untuk transportasi 40% habis untuk kontrakan-list‚Ä¶;0
RT @elisa_jkt: Upah minimum buruh tertinggi se Indonesia juga percuma, ketika:  15% habis untuk transportasi 40% habis untuk kontrakan-list‚Ä¶;1
RT @bymilcrea: Buruh naik upah seberapa tinggi sih sampe elo-elo pada yg penghasilannya jauh lbh gede tuh protes sana sini hey;0
RT @elisa_jkt: Upah minimum buruh tertinggi se Indonesia juga percuma, ketika:  15% habis untuk transportasi 40% habis untuk kontrakan-list‚Ä¶;0
RT @elisa_jkt: Upah minimum buruh tertinggi se Indonesia juga percuma, ketika:  15% habis untuk transportasi 40% habis untuk kontrakan-list‚Ä¶;0
RT @elisa_jkt: Upah minimum buruh tertinggi se Indonesia juga percuma, ketika:  15% habis untuk transportasi 40% habis untuk kontrakan-list‚Ä¶;1
Supaya yang kaya makin kaya, dan yang berkuasa makin digdaya https://t.co/uVA4eRGr75;0
RT @elisa_jkt: Upah minimum buruh tertinggi se Indonesia juga percuma, ketika:  15% habis untuk transportasi 40% habis untuk kontrakan-list‚Ä¶;1
RT @elisa_jkt: Upah minimum buruh tertinggi se Indonesia juga percuma, ketika:  15% habis untuk transportasi 40% habis untuk kontrakan-list‚Ä¶;0
RT @gamapila: @elisa_jkt sepakat bgt, para pejabat lupa ada insentif lainnya yg bisa diberikan kepada buruh yg adalah masyarakatnya, dipiki‚Ä¶;0
RT @enjang_as: Padahal kenaikan upah tuh sekarang udah terbatas banget. Dulu masih pakai KHL. Terus periode 1 muncul PP 78/2015, KHL hilang‚Ä¶;0
Lagi ribut soal upah buruh ampe 4 juta. Yang di Jogjakarta masih 2 juta aja. Kapan tersentuh sama @KhofifahIP ?;0
RT @elisa_jkt: Upah minimum buruh tertinggi se Indonesia juga percuma, ketika:  15% habis untuk transportasi 40% habis untuk kontrakan-list‚Ä¶;0
RT @txtdrpemerintah: https://t.co/VC48pFbdRt;0
RT @elisa_jkt: Upah minimum buruh tertinggi se Indonesia juga percuma, ketika:  15% habis untuk transportasi 40% habis untuk kontrakan-list‚Ä¶;0
RT @elisa_jkt: Upah minimum buruh tertinggi se Indonesia juga percuma, ketika:  15% habis untuk transportasi 40% habis untuk kontrakan-list‚Ä¶;1
RT @elisa_jkt: Upah minimum buruh tertinggi se Indonesia juga percuma, ketika:  15% habis untuk transportasi 40% habis untuk kontrakan-list‚Ä¶;0
RT @elisa_jkt: Upah minimum buruh tertinggi se Indonesia juga percuma, ketika:  15% habis untuk transportasi 40% habis untuk kontrakan-list‚Ä¶;0
"RT @PitikeZayyin: Dalam sistem perekonomian Islam, kesehatan &amp; pendidikan adl tanggung jawab negara sepenuhnya. Sistem ini jelas menguntung‚Ä¶";0
RT @CNNIndonesia: Bahlil Ajak Buruh Berjiwa Besar Tak Tuntut Upah Tinggi https://t.co/cYYqqE6mxK;0
@txtdrpemerintah Kenapa ga ngajak pengusaha untuk berhati baik memberi upah layak buat buruh aja ?;0
RT @elisa_jkt: Upah minimum buruh tertinggi se Indonesia juga percuma, ketika:  15% habis untuk transportasi 40% habis untuk kontrakan-list‚Ä¶;1
Owh gitu y.  Bahlil Ajak Buruh Berjiwa Besar Tak Tuntut Upah Tinggi https://t.co/NLzh1IjWId;1
RT @CNNIndonesia: Bahlil Ajak Buruh Berjiwa Besar Tak Tuntut Upah Tinggi https://t.co/cYYqqE6mxK;1
RT @_Kemuning_senja: Fix jadi jongos d negeri sendiri. Akibat para penguasa, para birokrat bara dewan, gak ada yg memperjuangkan rakyat kel‚Ä¶;0
RT @elisa_jkt: Upah minimum buruh tertinggi se Indonesia juga percuma, ketika:  15% habis untuk transportasi 40% habis untuk kontrakan-list‚Ä¶;0
RT @elisa_jkt: Upah minimum buruh tertinggi se Indonesia juga percuma, ketika:  15% habis untuk transportasi 40% habis untuk kontrakan-list‚Ä¶;0
RT @elisa_jkt: Upah minimum buruh tertinggi se Indonesia juga percuma, ketika:  15% habis untuk transportasi 40% habis untuk kontrakan-list‚Ä¶;0
RT @elisa_jkt: Upah minimum buruh tertinggi se Indonesia juga percuma, ketika:  15% habis untuk transportasi 40% habis untuk kontrakan-list‚Ä¶;0
RT @elisa_jkt: Upah minimum buruh tertinggi se Indonesia juga percuma, ketika:  15% habis untuk transportasi 40% habis untuk kontrakan-list‚Ä¶;1
Yuk kawan2 buruh yang punya Tweeter n Istagram kita komentari Gubernur Upah Murah n Takut kehilangan Jabatan @ridwankamil https://t.co/QF4M9VVmyK;0
Buruh naik upah seberapa tinggi sih sampe elo-elo pada yg penghasilannya jauh lbh gede tuh protes sana sini hey;0
Dunia perburuhan lama lama ude kaye hubungan, udah di seriusin ga mau di naikin,upah di php in  #buruh #negerimeme;0
RT @elisa_jkt: Upah minimum buruh tertinggi se Indonesia juga percuma, ketika:  15% habis untuk transportasi 40% habis untuk kontrakan-list‚Ä¶;0
"RT @PitikeZayyin: Dalam sistem perekonomian Islam, kesehatan &amp; pendidikan adl tanggung jawab negara sepenuhnya. Sistem ini jelas menguntung‚Ä¶";0
RT @FSPMI_KSPI: Sementara itu ... Tahun 2022 Buruh Jawa Barat masih dalam kondisi terpuruk akibat kebijakan upah murah anda pak Gubernur 'J‚Ä¶;1
RT @elisa_jkt: Upah minimum buruh tertinggi se Indonesia juga percuma, ketika:  15% habis untuk transportasi 40% habis untuk kontrakan-list‚Ä¶;1
RT @elisa_jkt: Upah minimum buruh tertinggi se Indonesia juga percuma, ketika:  15% habis untuk transportasi 40% habis untuk kontrakan-list‚Ä¶;0
@CNNIndonesia Bahlil jiwa penjajah dan kapitalis.  Knp upah buruh tdk bisa besar..;1
RT @elisa_jkt: Upah minimum buruh tertinggi se Indonesia juga percuma, ketika:  15% habis untuk transportasi 40% habis untuk kontrakan-list‚Ä¶;0
RT @CNNIndonesia: Bahlil Ajak Buruh Berjiwa Besar Tak Tuntut Upah Tinggi https://t.co/cYYqqE6mxK;1
RT @CNNIndonesia: Bahlil Ajak Buruh Berjiwa Besar Tak Tuntut Upah Tinggi https://t.co/cYYqqE6mxK;0
RT @CNNIndonesia: Bahlil Ajak Buruh Berjiwa Besar Tak Tuntut Upah Tinggi https://t.co/cYYqqE6mxK;0
RT @CNNIndonesia: Bahlil Ajak Buruh Berjiwa Besar Tak Tuntut Upah Tinggi https://t.co/cYYqqE6mxK;0
RT @CNNIndonesia: Bahlil Ajak Buruh Berjiwa Besar Tak Tuntut Upah Tinggi https://t.co/cYYqqE6mxK;1
RT @CNNIndonesia: Bahlil Ajak Buruh Berjiwa Besar Tak Tuntut Upah Tinggi https://t.co/cYYqqE6mxK;1
RT @ridwankamil: Namun PP 36 tahun 2021 secara substansial mencabut kewenangan kepala daerah dlm menentukan sendiri upah buruh 2022.   Kare‚Ä¶;0
RT @elisa_jkt: Upah minimum buruh tertinggi se Indonesia juga percuma, ketika:  15% habis untuk transportasi 40% habis untuk kontrakan-list‚Ä¶;0
RT @elisa_jkt: Upah minimum buruh tertinggi se Indonesia juga percuma, ketika:  15% habis untuk transportasi 40% habis untuk kontrakan-list‚Ä¶;0
RT @CNNIndonesia: Bahlil Ajak Buruh Berjiwa Besar Tak Tuntut Upah Tinggi https://t.co/cYYqqE6mxK;1
RT @elisa_jkt: Upah minimum buruh tertinggi se Indonesia juga percuma, ketika:  15% habis untuk transportasi 40% habis untuk kontrakan-list‚Ä¶;1
@MelukisSunyi Papua dan KKBOPM demo di rangkul Buruh demo kenaikan upah di rangkul Umat Islam dan Ulama2nya reuni dipukul Rezim islamophobia @FPKSDPRRI @Fraksi_PAN @fraksigolkar @FPD_DPR @Fraksi_Gerindra  @FraksiPKB @MUIPusat @muhammadiyah @korantempo @kabarpolitik https://t.co/Zufb8jLLjY.;0
RT @elisa_jkt: Upah minimum buruh tertinggi se Indonesia juga percuma, ketika:  15% habis untuk transportasi 40% habis untuk kontrakan-list‚Ä¶;0
RT @QaillaAsyiqah: Aksi Menolak Upah Murah ~ Ribuan buruh menjebol pagar Kantor Gubernur Banten (KP3B).. Kemarin (30/Nov/2021) ‚úäüèªüáÆüá© https:/‚Ä¶;0
RT @CNNIndonesia: Bahlil Ajak Buruh Berjiwa Besar Tak Tuntut Upah Tinggi https://t.co/cYYqqE6mxK;0
RT @elisa_jkt: Upah minimum buruh tertinggi se Indonesia juga percuma, ketika:  15% habis untuk transportasi 40% habis untuk kontrakan-list‚Ä¶;1
RT @mkusumawijaya: Karena itu (lihat tweet2 sebelum ini) saya tidak melihat istimewa bhw Jakarta mudah menaikkan upah buruh. Buruh perlu le‚Ä¶;1
RT @CNNIndonesia: Bahlil Ajak Buruh Berjiwa Besar Tak Tuntut Upah Tinggi https://t.co/cYYqqE6mxK;0
RT @CNNIndonesia: Bahlil Ajak Buruh Berjiwa Besar Tak Tuntut Upah Tinggi https://t.co/cYYqqE6mxK;0
@fromkhs Iyaa.. Karena kepo karena peduli, karena beneran pengen tau. Pertanyaan2 cringe gini emang asalnya cocok buat mulai percakapan kan.. Soalnya masa pas ngechat ga ada angin ga ada ujan nanyain pendapat soal kenaikan upah buruh yang bikin kacau ü§£ü§£;0
RT @CNNIndonesia: Bahlil Ajak Buruh Berjiwa Besar Tak Tuntut Upah Tinggi https://t.co/cYYqqE6mxK;1
RT @elisa_jkt: Upah minimum buruh tertinggi se Indonesia juga percuma, ketika:  15% habis untuk transportasi 40% habis untuk kontrakan-list‚Ä¶;0
RT @CNNIndonesia: Bahlil Ajak Buruh Berjiwa Besar Tak Tuntut Upah Tinggi https://t.co/cYYqqE6mxK;0